Time,ED_Cell_Voltage_(V)_1,Solution_Flowrate_to_ED_Flowrate_(m3/hr)_1,Foil_Thickness_(?m)_1,ED_Cell_Current_(kA)_1
1/1/2025 0:00,55.19,45.55057966,8.312590977,58.54386713
1/1/2025 0:01,54.39,45.4454148,7.439130629,58.20625133
1/1/2025 0:02,54.39,45.4282849,7.586674995,58.43763474
1/1/2025 0:03,55.37,45.53681789,7.985321266,58.01224851
1/1/2025 0:04,54.65,45.56913276,7.48288411,58.62022279
1/1/2025 0:05,54.53,45.50803142,8.440485877,58.40518693
1/1/2025 0:06,54.38,45.54933586,7.885639972,58.16718258
1/1/2025 0:07,55.5,45.41579347,7.890661022,58.52318874
1/1/2025 0:08,54.26,45.42591731,7.891066117,58.30106357
1/1/2025 0:09,55.17,45.41669985,7.461297487,58.21131138
1/1/2025 0:10,54.97,45.46501566,7.321564997,58.47569359
1/1/2025 0:11,53.97,45.47326534,8.300318725,58.02364414
1/1/2025 0:12,54.47,45.47688239,7.870597282,58.4792767
1/1/2025 0:13,54.16,45.41111904,7.387740849,58.59257924
1/1/2025 0:14,53.88,45.44896002,7.612378521,58.25439355
1/1/2025 0:15,55.1,45.51378931,7.344218937,58.42327339
1/1/2025 0:16,53.99,45.50815066,8.494743542,58.04676148
1/1/2025 0:17,54.36,45.42527837,8.020691265,58.47864192
1/1/2025 0:18,54.36,45.40270361,7.52815532,58.49805665
1/1/2025 0:19,53.8,45.44879008,7.604479922,58.55288714
1/1/2025 0:20,54.08,45.50405308,8.409871168,58.11796957
1/1/2025 0:21,54.74,45.58887853,7.635429807,58.32943499
1/1/2025 0:22,54.66,45.51482238,7.504142825,58.55577222
1/1/2025 0:23,54.67,45.47139048,7.883755282,58.02719417
1/1/2025 0:24,55.09,45.52796103,7.546952401,58.49364764
1/1/2025 0:25,55.43,45.41450511,8.272083967,58.23418565
1/1/2025 0:26,55.28,45.40964278,8.161176308,58.15183296
1/1/2025 0:27,54.85,45.56935917,7.487450016,58.51259359
1/1/2025 0:28,55.33,45.51965435,8.473844595,58.23748954
1/1/2025 0:29,54.23,45.48400263,7.717298237,58.5622063
1/1/2025 0:30,54.68,45.51057625,7.384202617,58.11918932
1/1/2025 0:31,59.04,45.40939822,8.156606515,58.41383405
1/1/2025 0:32,54.19,45.54874501,8.258392176,58.09362076
1/1/2025 0:33,54.45,45.46762533,8.371172356,58.17579564
1/1/2025 0:34,59.5,45.40814368,7.745674731,58.43361587
1/1/2025 0:35,54.31,45.5368077,7.646802049,58.47782633
1/1/2025 0:36,54.74,45.42144454,7.372458138,58.04550124
1/1/2025 0:37,53.59,45.55084382,7.754255481,58.59811892
1/1/2025 0:38,53.83,45.48119489,8.443962402,58.44710935
1/1/2025 0:39,53.29,45.40512346,8.363076038,58.59882127
1/1/2025 0:40,54.35,45.4728522,7.500555343,58.2893367
1/1/2025 0:41,54.54,45.47838854,8.422819602,58.29480717
1/1/2025 0:42,54.02,45.55709057,7.346327499,58.13130134
1/1/2025 0:43,54.39,45.50182455,7.774034594,58.40548728
1/1/2025 0:44,54.56,45.47945899,8.199748242,58.00095731
1/1/2025 0:45,55.12,45.54664717,7.331441064,58.23805335
1/1/2025 0:46,55,45.55313392,7.838461005,58.22518666
1/1/2025 0:47,54.3,45.45294296,7.743456981,58.60896336
1/1/2025 0:48,55.45,45.45826984,8.328375506,58.08202587
1/1/2025 0:49,53.23,45.43621489,8.25485617,58.37342782
1/1/2025 0:50,54.3,45.46615268,7.566233709,58.26137597
1/1/2025 0:51,53.95,45.5433209,7.679723912,58.56281453
1/1/2025 0:52,54.29,45.58244799,7.614972733,58.30174744
1/1/2025 0:53,60.01,45.47657719,7.627107312,58.51759482
1/1/2025 0:54,54.32,45.5118329,8.031414401,58.17924232
1/1/2025 0:55,55.61,45.43924933,7.393950881,58.28142788
1/1/2025 0:56,53.99,45.53240707,7.556610612,58.19366456
1/1/2025 0:57,53.87,45.49908578,7.949738619,58.37118499
1/1/2025 0:58,54.56,45.40806377,7.958624334,58.40310771
1/1/2025 0:59,53.91,45.53197493,7.790872243,58.24503073
1/1/2025 1:00,54.75,45.57624769,7.62961459,58.42460469
1/1/2025 1:01,49.67,45.4086337,7.893590513,58.21422286
1/1/2025 1:02,54.87,45.54501139,7.917464198,58.31953727
1/1/2025 1:03,54.18,45.59621139,7.896471557,58.59972083
1/1/2025 1:04,49.5,45.56314626,7.772759956,58.15482435
1/1/2025 1:05,54.53,45.57820115,7.5469386,58.34997044
1/1/2025 1:06,53.86,45.58247975,7.866058702,58.1950602
1/1/2025 1:07,54.55,45.56750237,7.355889302,58.07219893
1/1/2025 1:08,54.16,45.4014656,7.535211694,58.13482856
1/1/2025 1:09,54.53,45.56339834,7.76965459,58.35685201
1/1/2025 1:10,60.04,45.53742583,7.579677488,58.43205263
1/1/2025 1:11,54.42,45.54659217,7.425171362,58.20154517
1/1/2025 1:12,54.65,45.56439806,8.178009869,58.57042639
1/1/2025 1:13,53.98,45.54498314,8.141636718,58.32338444
1/1/2025 1:14,54.42,45.55082659,7.65865525,58.5931739
1/1/2025 1:15,54.76,45.53460526,8.155061181,58.52669945
1/1/2025 1:16,54.58,45.49283187,7.365563517,58.50969328
1/1/2025 1:17,54.38,45.45961051,8.498712284,58.31558193
1/1/2025 1:18,54.09,45.49867193,8.02088583,58.14678077
1/1/2025 1:19,54.51,45.59272023,7.938221527,58.22592865
1/1/2025 1:20,54.15,45.52249276,7.518652844,58.07442414
1/1/2025 1:21,54.8,45.44299797,8.192359582,58.06699117
1/1/2025 1:22,54.59,45.493222,7.634600287,58.49032556
1/1/2025 1:23,53.96,45.48500918,7.961712564,58.61597124
1/1/2025 1:24,54.25,45.41716987,7.740487859,58.54596767
1/1/2025 1:25,54.1,45.46985868,7.694056455,58.54467118
1/1/2025 1:26,53.84,45.59353035,7.97945345,58.39202163
1/1/2025 1:27,54.4,45.51347773,8.160003391,58.60009581
1/1/2025 1:28,54.61,45.52934708,8.20989946,58.2867264
1/1/2025 1:29,54.19,45.56592165,8.187007763,58.29740961
1/1/2025 1:30,54.56,45.44959516,8.037711788,58.50079979
1/1/2025 1:31,55.39,45.48514257,7.391139109,58.53026377
1/1/2025 1:32,54.81,45.56225908,7.398961827,58.49402774
1/1/2025 1:33,53.88,45.40376798,7.392252372,58.55386933
1/1/2025 1:34,52.83,45.50892771,7.594214769,58.50810854
1/1/2025 1:35,54.91,45.41731921,8.242597295,58.21169088
1/1/2025 1:36,54.12,45.40608986,7.875268191,58.02445762
1/1/2025 1:37,54.41,45.47676022,8.16060426,58.51272281
1/1/2025 1:38,54.64,45.55164906,7.564368925,58.44751891
1/1/2025 1:39,53.6,45.55972877,8.219660289,58.48479399
1/1/2025 1:40,54.62,45.47680541,8.227904278,58.0510041
1/1/2025 1:41,54.85,45.46394804,7.89317824,58.40703425
1/1/2025 1:42,53.7,45.40080881,7.348340726,58.3319923
1/1/2025 1:43,54.23,45.51057127,8.386197309,58.06881547
1/1/2025 1:44,55.3,45.54312266,7.620174945,58.07615217
1/1/2025 1:45,54.61,45.55408417,8.116129793,58.27162218
1/1/2025 1:46,54.19,45.52592936,7.54044302,58.08923014
1/1/2025 1:47,55.09,45.56574777,7.497695758,58.39715229
1/1/2025 1:48,53.9,45.45838971,8.22002407,58.54045681
1/1/2025 1:49,54.49,45.46506373,7.544627205,58.39727021
1/1/2025 1:50,54.38,45.51945459,7.505225782,58.20021338
1/1/2025 1:51,53.79,45.59499245,8.053275414,58.48003088
1/1/2025 1:52,54.5,45.59457467,8.124591675,58.60036192
1/1/2025 1:53,55.39,45.42336416,7.491438606,58.06154086
1/1/2025 1:54,55.09,45.5837775,8.493205679,58.14200664
1/1/2025 1:55,54.71,45.59853664,8.327194731,58.33536432
1/1/2025 1:56,54.61,45.5932447,8.236312759,58.46420631
1/1/2025 1:57,55.03,45.51396019,8.477210654,58.01933612
1/1/2025 1:58,58.71,45.55152979,8.278673077,58.4578582
1/1/2025 1:59,53.81,45.49332807,7.951317051,58.28154065
1/1/2025 2:00,54.37,45.51570504,7.942614015,58.05543676
1/1/2025 2:01,54.21,45.54270307,7.624451425,58.06670579
1/1/2025 2:02,53.48,45.54793768,8.453895392,58.21583159
1/1/2025 2:03,53.21,45.55830209,7.879245877,58.06006641
1/1/2025 2:04,53.89,45.43948543,7.906277429,58.08210921
1/1/2025 2:05,54.47,45.48615388,7.471884727,58.28840478
1/1/2025 2:06,54.95,45.57671279,8.112311662,58.23683031
1/1/2025 2:07,54.97,45.41794054,8.239230201,58.55264025
1/1/2025 2:08,54.45,45.46469261,8.341172364,58.13734043
1/1/2025 2:09,53.47,45.53744607,7.542170892,58.26313909
1/1/2025 2:10,54.13,45.40792671,8.241651309,58.25476979
1/1/2025 2:11,54.96,45.58567904,7.391186565,58.58249338
1/1/2025 2:12,49.28,45.51538705,7.407552109,58.22475225
1/1/2025 2:13,54.47,45.57749106,7.979924549,58.31359124
1/1/2025 2:14,54.27,45.54376503,7.341006888,58.15922162
1/1/2025 2:15,54.59,45.5671637,7.650569876,58.26096653
1/1/2025 2:16,54.84,45.5242661,8.375615993,58.46965556
1/1/2025 2:17,55.22,45.48270138,7.938221793,58.25323732
1/1/2025 2:18,54.28,45.5895854,8.204688044,58.59726614
1/1/2025 2:19,54.89,45.51791035,7.324056352,58.19618729
1/1/2025 2:20,54.14,45.43422009,8.344731827,58.25796193
1/1/2025 2:21,54.89,45.59514817,8.352824422,58.61587931
1/1/2025 2:22,52.83,45.42020015,8.03650343,58.5587117
1/1/2025 2:23,54.05,45.52958225,8.127002243,58.47209414
1/1/2025 2:24,53.58,45.59816159,7.395323022,58.4859129
1/1/2025 2:25,54.18,45.4765206,8.43594381,58.12033751
1/1/2025 2:26,54.45,45.51915066,7.649332989,58.56579928
1/1/2025 2:27,55.06,45.43523485,7.471788032,58.59582164
1/1/2025 2:28,53.91,45.58974351,7.973210719,58.01509091
1/1/2025 2:29,54.34,45.55559879,7.301174876,58.02075854
1/1/2025 2:30,55.52,45.52827144,7.715465134,58.2646794
1/1/2025 2:31,55.05,45.55235015,7.89656302,58.37522469
1/1/2025 2:32,54.29,45.48854548,8.447458226,58.59533295
1/1/2025 2:33,54.05,45.58443838,8.106568041,58.33450591
1/1/2025 2:34,54.47,45.54460163,7.888187435,58.08343274
1/1/2025 2:35,49.47,45.59634916,7.542148375,58.27707015
1/1/2025 2:36,54.54,45.5989003,7.99162179,58.53050508
1/1/2025 2:37,60.07,45.55508298,8.352457222,58.60214574
1/1/2025 2:38,54.99,45.55580588,7.872388715,58.01857378
1/1/2025 2:39,54.73,45.43184791,8.247697989,58.4246491
1/1/2025 2:40,53.58,45.40961106,8.163989304,58.44765465
1/1/2025 2:41,49.97,45.43860025,7.685282708,58.06964056
1/1/2025 2:42,54.04,45.51775658,8.194633687,58.29889295
1/1/2025 2:43,55.58,45.58889592,7.544757419,58.16708597
1/1/2025 2:44,54.09,45.43957199,7.339762166,58.06118829
1/1/2025 2:45,54.84,45.44432847,8.312623072,58.53180959
1/1/2025 2:46,60.4,45.4066332,7.372732413,58.59806161
1/1/2025 2:47,55.13,45.55799591,8.258644955,58.24692777
1/1/2025 2:48,55.26,45.5516229,7.421240906,58.48159418
1/1/2025 2:49,54.17,45.55450841,8.189570364,58.26626805
1/1/2025 2:50,54.83,45.53417434,7.84219661,58.52765898
1/1/2025 2:51,54.71,45.50396819,8.450577931,58.43974827
1/1/2025 2:52,54.55,45.47645411,7.415540875,58.09581463
1/1/2025 2:53,54.58,45.50302128,8.135223567,58.11419005
1/1/2025 2:54,54.84,45.59015435,7.519348727,58.49642599
1/1/2025 2:55,55.02,45.5758474,7.495047325,58.42560289
1/1/2025 2:56,53.82,45.56682066,7.850621052,58.27569598
1/1/2025 2:57,54.38,45.41708653,7.753432107,58.24433772
1/1/2025 2:58,54.88,45.49370488,8.271626224,58.5825792
1/1/2025 2:59,55.01,45.41309802,8.408555925,58.09736392
1/1/2025 3:00,55.7,45.49163545,7.723948322,58.47544627
1/1/2025 3:01,54.45,45.43481565,8.476063375,58.12987874
1/1/2025 3:02,55,45.58157248,8.186626496,58.04512302
1/1/2025 3:03,55.47,45.42343717,8.281180832,58.58963343
1/1/2025 3:04,54.87,45.48609209,8.271519044,58.4364267
1/1/2025 3:05,53.83,45.41871316,8.408257485,58.27933617
1/1/2025 3:06,54.4,45.50390983,8.405985302,58.58850077
1/1/2025 3:07,54.57,45.58465138,7.420532721,58.2550332
1/1/2025 3:08,54.72,45.51831043,7.954013097,58.3524019
1/1/2025 3:09,54.61,45.5717681,7.746059638,58.47517671
1/1/2025 3:10,54.13,45.53382518,8.290175568,58.33966155
1/1/2025 3:11,55.01,45.4305164,7.391213217,58.42981157
1/1/2025 3:12,53.83,45.5290417,8.369115772,58.0959225
1/1/2025 3:13,54.76,45.56312686,7.544331648,58.48540594
1/1/2025 3:14,54.38,45.45914561,7.729943839,58.43308137
1/1/2025 3:15,53.95,45.51272133,7.335404757,58.62053593
1/1/2025 3:16,55.32,45.45063857,7.323488983,58.56206661
1/1/2025 3:17,55.21,45.48858787,7.651591394,58.45789203
1/1/2025 3:18,54.38,45.4750792,8.422049494,58.04839186
1/1/2025 3:19,54.12,45.41580339,7.995554651,58.3746265
1/1/2025 3:20,54.38,45.57644995,7.490536224,58.16375433
1/1/2025 3:21,54.61,45.52552722,8.498088182,58.06212062
1/1/2025 3:22,55.67,45.57443341,7.840289616,58.51757714
1/1/2025 3:23,52.8,45.48552552,8.053820699,58.03519152
1/1/2025 3:24,54.8,45.41668668,7.581424888,58.11183809
1/1/2025 3:25,53.85,45.47738775,8.096434114,58.27267483
1/1/2025 3:26,54.73,45.54145171,7.980119516,58.091677
1/1/2025 3:27,54.64,45.57742153,7.308549081,58.34691727
1/1/2025 3:28,54.78,45.47877614,7.77945405,58.2303022
1/1/2025 3:29,55.3,45.54432445,8.033113596,58.52432257
1/1/2025 3:30,54.53,45.56418423,8.030324658,58.39873696
1/1/2025 3:31,53.16,45.50208735,8.117831378,58.4901341
1/1/2025 3:32,55.49,45.41311584,8.408355715,58.25206019
1/1/2025 3:33,54.51,45.43671213,8.476823657,58.60008124
1/1/2025 3:34,55.09,45.41589977,7.388900839,58.34181436
1/1/2025 3:35,54.84,45.50086069,7.506471315,58.13861781
1/1/2025 3:36,54.8,45.47225261,8.429985072,58.45413204
1/1/2025 3:37,55.26,45.53453554,7.478599874,58.23519911
1/1/2025 3:38,55.49,45.46144263,7.340237449,58.60676433
1/1/2025 3:39,54.16,45.57387074,7.897748909,58.38660173
1/1/2025 3:40,54.74,45.51123716,7.76915072,58.17003438
1/1/2025 3:41,54.83,45.58260836,7.903463929,58.22508892
1/1/2025 3:42,54.91,45.43258852,7.563640291,58.13118748
1/1/2025 3:43,55.36,45.42952233,7.407830019,58.51170824
1/1/2025 3:44,54.18,45.42281981,7.705980906,58.24563376
1/1/2025 3:45,54.17,45.46139153,7.440900051,58.08356376
1/1/2025 3:46,59.62,45.54701285,8.068531726,58.42629869
1/1/2025 3:47,53.73,45.42471935,7.575550953,58.3959329
1/1/2025 3:48,53.12,45.52199741,7.403755767,58.35589766
1/1/2025 3:49,53.75,45.55826516,7.399613084,58.49757751
1/1/2025 3:50,55.28,45.58693138,8.348543866,58.40496348
1/1/2025 3:51,55.26,45.47388131,7.42634319,58.32329572
1/1/2025 3:52,54.73,45.47753344,7.639679562,58.08707984
1/1/2025 3:53,54.48,45.53412608,7.924796171,58.01102824
1/1/2025 3:54,53.93,45.56434662,7.566411903,58.05289492
1/1/2025 3:55,55.03,45.5519033,7.636925451,58.03708
1/1/2025 3:56,54.32,45.5445107,7.613437434,58.17526088
1/1/2025 3:57,54.8,45.57742068,8.07665173,58.07320514
1/1/2025 3:58,55.35,45.51067197,8.459807294,58.50138361
1/1/2025 3:59,55.03,45.53301161,7.644871179,58.18820334
1/1/2025 4:00,54.33,45.45230247,7.563050544,58.573265
1/1/2025 4:01,54.07,45.45582952,8.486511002,58.29577797
1/1/2025 4:02,53.94,45.51282845,7.741140321,58.27195426
1/1/2025 4:03,54.21,45.53709085,7.685515006,58.002239
1/1/2025 4:04,54.9,45.45841919,7.824605918,58.2533429
1/1/2025 4:05,55.12,45.49727167,7.650512212,58.46575213
1/1/2025 4:06,55.09,45.4070113,8.249415777,58.35671779
1/1/2025 4:07,54.15,45.50071542,7.473526692,58.35096119
1/1/2025 4:08,55.52,45.55154556,7.42311229,58.30488803
1/1/2025 4:09,55.58,45.42555927,7.741495031,58.59084125
1/1/2025 4:10,54.82,45.42533978,7.86907063,58.17347173
1/1/2025 4:11,55.3,45.59882786,7.457893293,58.57491577
1/1/2025 4:12,53.89,45.53255156,7.770517326,58.57420197
1/1/2025 4:13,54.27,45.50383836,7.83746125,58.00385174
1/1/2025 4:14,55.4,45.40869463,7.979157166,58.53736369
1/1/2025 4:15,53.55,45.4448659,7.849720733,58.47674717
1/1/2025 4:16,55.05,45.56166839,7.904405157,58.58044769
1/1/2025 4:17,54.89,45.44835907,8.462465376,58.59960363
1/1/2025 4:18,55.43,45.52782896,8.18695961,58.23623107
1/1/2025 4:19,54.55,45.50578526,8.016277206,58.54006504
1/1/2025 4:20,53.95,45.59260538,8.278503392,58.11043563
1/1/2025 4:21,55.01,45.50068492,8.475842332,58.18501808
1/1/2025 4:22,54.6,45.59643626,8.050041768,58.07782815
1/1/2025 4:23,55.05,45.55430183,7.93607815,58.31291924
1/1/2025 4:24,53.85,45.54461837,8.108917612,58.42455675
1/1/2025 4:25,55.06,45.59975373,7.591795994,58.43625895
1/1/2025 4:26,54.78,45.50665665,8.062934113,58.53987551
1/1/2025 4:27,54.96,45.49146983,8.270130268,58.33378573
1/1/2025 4:28,53.71,45.48615812,7.90125417,58.29452706
1/1/2025 4:29,53.21,45.42705265,7.625348874,58.08160766
1/1/2025 4:30,54.37,45.43852008,7.86375796,58.06659744
1/1/2025 4:31,54.13,45.45113224,8.372134514,58.2145051
1/1/2025 4:32,53.48,45.44341126,7.437053651,58.54742905
1/1/2025 4:33,53.47,45.51510782,7.40167741,58.5218585
1/1/2025 4:34,54.47,45.59090662,7.688600687,58.00343354
1/1/2025 4:35,54.2,45.43790071,7.726257034,58.21244801
1/1/2025 4:36,54.01,45.41484376,7.813274827,58.41131229
1/1/2025 4:37,54.41,45.52484475,7.888147559,58.50352863
1/1/2025 4:38,54.39,45.51887599,7.732540798,58.08351558
1/1/2025 4:39,54.22,45.54747869,8.352602669,58.28799289
1/1/2025 4:40,54.16,45.48480127,7.86467698,58.02606601
1/1/2025 4:41,53.69,45.58620207,8.320352133,58.01840111
1/1/2025 4:42,55.31,45.43057084,8.312017425,58.48773417
1/1/2025 4:43,54.53,45.58720973,7.456249751,58.25205532
1/1/2025 4:44,53.71,45.47008718,8.081995264,58.35282861
1/1/2025 4:45,54.6,45.52003037,7.943288706,58.51571871
1/1/2025 4:46,54.32,45.52052493,7.307339017,58.33776039
1/1/2025 4:47,53.44,45.56674132,8.096816809,58.4733975
1/1/2025 4:48,54.43,45.46484629,7.857680876,58.47609857
1/1/2025 4:49,54.69,45.58699152,7.502696,58.52114378
1/1/2025 4:50,54.5,45.53727972,8.289822211,58.15626054
1/1/2025 4:51,54.35,45.47987406,7.323946761,58.13803124
1/1/2025 4:52,53.95,45.52976467,8.092303778,58.09207882
1/1/2025 4:53,54.57,45.53057254,8.095282726,58.19547232
1/1/2025 4:54,54.26,45.51704399,7.744253487,58.59454261
1/1/2025 4:55,54.74,45.58295777,8.037215725,58.39947692
1/1/2025 4:56,53.72,45.58304538,7.417942157,58.13451617
1/1/2025 4:57,54.17,45.46524867,8.312164642,58.27288548
1/1/2025 4:58,54.84,45.45763518,8.000309389,58.43736349
1/1/2025 4:59,54.2,45.54524024,7.999604204,58.41469738
1/1/2025 5:00,53.68,45.56410984,7.366176689,58.09125727
1/1/2025 5:01,54.88,45.4999423,8.374092078,58.25754457
1/1/2025 5:02,55.18,45.51649281,8.40415527,58.11679072
1/1/2025 5:03,53.75,45.43112167,7.354526793,58.28733665
1/1/2025 5:04,54.51,45.50691243,7.948236389,58.05145419
1/1/2025 5:05,53.4,45.54625425,8.054730926,58.28402945
1/1/2025 5:06,54.1,45.52286669,7.722248367,58.19888215
1/1/2025 5:07,54.78,45.46538427,8.426998089,58.16415366
1/1/2025 5:08,55.1,45.47974643,8.450219439,58.1521325
1/1/2025 5:09,55.58,45.46728854,8.205631193,58.55703114
1/1/2025 5:10,54.01,45.58066472,7.789293724,58.49957438
1/1/2025 5:11,53.63,45.42405613,7.587879814,58.01912665
1/1/2025 5:12,54.51,45.59600798,7.305999902,58.51730644
1/1/2025 5:13,55.33,45.5153925,8.134213122,58.05568248
1/1/2025 5:14,54.14,45.48631255,8.371093801,58.34971774
1/1/2025 5:15,53.8,45.59750977,8.181537806,58.19664717
1/1/2025 5:16,54.94,45.51909786,8.089353728,58.04082558
1/1/2025 5:17,54.06,45.5135924,7.42810628,58.59338
1/1/2025 5:18,54.4,45.46986443,7.402099583,58.32950169
1/1/2025 5:19,54.38,45.58006895,8.027919365,58.29459934
1/1/2025 5:20,53.89,45.40335676,8.011961922,58.41934507
1/1/2025 5:21,54.56,45.47164835,8.115976334,58.25811349
1/1/2025 5:22,54.93,45.44158192,8.295410683,58.01966021
1/1/2025 5:23,54.83,45.57329829,7.442142916,58.31299167
1/1/2025 5:24,54.23,45.43952401,7.767932433,58.45445455
1/1/2025 5:25,55.48,45.40239453,7.423452848,58.23867039
1/1/2025 5:26,53.78,45.47505006,8.259414189,58.34178802
1/1/2025 5:27,53.77,45.58313661,8.486776677,58.09519001
1/1/2025 5:28,53.8,45.53809889,8.395479321,58.4708407
1/1/2025 5:29,54.82,45.41908623,7.711420516,58.00417892
1/1/2025 5:30,54.76,45.56172247,7.797509813,58.31001119
1/1/2025 5:31,54.46,45.534801,8.114596577,58.00247878
1/1/2025 5:32,55.09,45.44185403,8.446732312,58.36093264
1/1/2025 5:33,54.73,45.59281053,8.192930724,58.34681455
1/1/2025 5:34,53.79,45.4539029,7.879045838,58.58809149
1/1/2025 5:35,54.8,45.4512785,8.357724436,58.10935256
1/1/2025 5:36,55.15,45.51635535,7.673143271,58.14817626
1/1/2025 5:37,54.66,45.47670807,8.283718889,58.37239273
1/1/2025 5:38,54.65,45.58710458,7.602719841,58.04181751
1/1/2025 5:39,53.58,45.40571421,7.508805299,58.6198582
1/1/2025 5:40,54.01,45.53773573,7.339854791,58.47288389
1/1/2025 5:41,53.62,45.46824305,8.22751539,58.34008404
1/1/2025 5:42,54.94,45.46964564,7.402262874,58.08917062
1/1/2025 5:43,55.06,45.41456195,8.398090082,58.39874425
1/1/2025 5:44,54.32,45.53349725,8.272719216,58.33423488
1/1/2025 5:45,54.22,45.4195115,8.258559262,58.09994743
1/1/2025 5:46,54.07,45.5436743,8.075855964,58.56339119
1/1/2025 5:47,53.9,45.48609087,7.672133894,58.164262
1/1/2025 5:48,54.3,45.55243843,7.518355622,58.37628665
1/1/2025 5:49,54.34,45.42641256,7.586036421,58.23606977
1/1/2025 5:50,55.49,45.49130708,7.798125648,58.13070876
1/1/2025 5:51,55.36,45.50559822,8.215098929,58.35655405
1/1/2025 5:52,55.44,45.50266638,7.528143358,58.22349454
1/1/2025 5:53,54.83,45.51715684,8.47565574,58.4617079
1/1/2025 5:54,55.28,45.54365065,8.155530266,58.44439598
1/1/2025 5:55,54.43,45.59734647,7.388075593,58.60547099
1/1/2025 5:56,53.89,45.4404558,7.870427938,58.29635827
1/1/2025 5:57,54.91,45.40799676,8.4814547,58.35761192
1/1/2025 5:58,55.17,45.5451727,7.537678114,58.55332351
1/1/2025 5:59,55.25,45.44229817,7.538025904,58.27686471
1/1/2025 6:00,55.31,45.45243098,7.31772305,58.187547
1/1/2025 6:01,54.34,45.5106305,7.775375448,58.16460325
1/1/2025 6:02,55.26,45.4580377,7.819326463,58.19877795
1/1/2025 6:03,54.92,45.50324132,7.481418698,58.30997219
1/1/2025 6:04,54.11,45.52965464,8.218570196,58.48795263
1/1/2025 6:05,55.08,45.47105096,7.905474064,58.33705535
1/1/2025 6:06,54.26,45.42234196,8.403580893,58.19187249
1/1/2025 6:07,54.2,45.52125924,8.03598489,58.1821123
1/1/2025 6:08,54.44,45.47489787,7.626125065,58.38452995
1/1/2025 6:09,54.91,45.47689233,8.282230659,58.14238883
1/1/2025 6:10,54.42,45.43440802,8.030034966,58.48088655
1/1/2025 6:11,54.52,45.48403444,8.430504079,58.42887923
1/1/2025 6:12,54.88,45.56677248,7.946567343,58.19674387
1/1/2025 6:13,55.31,45.42189374,7.853296158,58.02538542
1/1/2025 6:14,55.03,45.52684867,8.043375692,58.60965493
1/1/2025 6:15,53.67,45.43768538,7.812918841,58.38491754
1/1/2025 6:16,53.33,45.40645631,8.279356689,58.25179725
1/1/2025 6:17,54.25,45.46240698,7.692469923,58.27755059
1/1/2025 6:18,59.34,45.41040583,8.243729136,58.37493467
1/1/2025 6:19,54.84,45.43354912,7.588752192,58.53984107
1/1/2025 6:20,54.89,45.4814786,7.844466878,58.36733358
1/1/2025 6:21,54.38,45.50031457,8.390671953,58.00113818
1/1/2025 6:22,54.83,45.40194877,7.373694855,58.52607107
1/1/2025 6:23,54.95,45.56826351,8.487748605,58.41391709
1/1/2025 6:24,54.57,45.56244763,8.221281624,58.51294548
1/1/2025 6:25,54.93,45.56328865,7.573961041,58.36811453
1/1/2025 6:26,54.88,45.42477262,7.862639881,58.50074965
1/1/2025 6:27,55.4,45.47824884,7.93007679,58.2935485
1/1/2025 6:28,53.68,45.58268962,8.0367287,58.31172872
1/1/2025 6:29,54.3,45.46793455,8.475126258,58.01801735
1/1/2025 6:30,54.64,45.48705848,7.830384759,58.1875342
1/1/2025 6:31,53.73,45.4523804,7.697439187,58.58103069
1/1/2025 6:32,54.15,45.50854617,8.258587657,58.4021192
1/1/2025 6:33,53.69,45.43844464,8.061267794,58.43805789
1/1/2025 6:34,55.26,45.56925292,7.433172817,58.40329756
1/1/2025 6:35,53.67,45.43398732,7.953453094,58.43570913
1/1/2025 6:36,54.65,45.51022698,7.967579511,58.52867659
1/1/2025 6:37,53.46,45.55033531,8.364443098,58.34479578
1/1/2025 6:38,55,45.51406044,7.951986125,58.54992888
1/1/2025 6:39,54.14,45.50536607,8.069687738,58.14198084
1/1/2025 6:40,54.71,45.40777341,7.989590038,58.06133647
1/1/2025 6:41,53.62,45.51912794,7.958840697,58.50528688
1/1/2025 6:42,54.35,45.52729132,8.386401431,58.21136747
1/1/2025 6:43,54.28,45.54853059,7.776442092,58.31541982
1/1/2025 6:44,54.8,45.41418683,7.861186309,58.50521755
1/1/2025 6:45,49.37,45.47152301,8.162326258,58.1278649
1/1/2025 6:46,54,45.47510851,8.161883601,58.49733976
1/1/2025 6:47,55.01,45.4216454,8.498444566,58.51950474
1/1/2025 6:48,54.75,45.52418043,7.458757856,58.14037158
1/1/2025 6:49,53.93,45.46662704,7.712860134,58.48458698
1/1/2025 6:50,55.06,45.5996096,7.594898167,58.59742738
1/1/2025 6:51,54.74,45.43040548,7.865788214,58.47217739
1/1/2025 6:52,55.63,45.43304079,7.923090567,58.25781016
1/1/2025 6:53,54.52,45.46671309,8.303097418,58.16333848
1/1/2025 6:54,54.41,45.48977409,8.257137001,58.58201051
1/1/2025 6:55,52.76,45.42853925,7.384237596,58.57950959
1/1/2025 6:56,54.55,45.48852789,7.579547189,58.24645882
1/1/2025 6:57,54.52,45.48602135,7.568658956,58.31660658
1/1/2025 6:58,53.78,45.44980186,7.403425549,58.26550971
1/1/2025 6:59,54.52,45.42772461,7.624236018,58.09938244
1/1/2025 7:00,54.86,45.58949991,7.313917727,58.03025163
1/1/2025 7:01,54.42,45.56152206,7.38199764,58.0543076
1/1/2025 7:02,53.55,45.50114349,8.081691252,58.40942815
1/1/2025 7:03,53.92,45.52432302,7.871820321,58.43826932
1/1/2025 7:04,54.04,45.56677141,7.303871326,58.05388717
1/1/2025 7:05,54.13,45.41650168,7.720213351,58.42031867
1/1/2025 7:06,53.91,45.56834346,8.314651331,58.03603835
1/1/2025 7:07,55,45.49670828,8.428265107,58.35941481
1/1/2025 7:08,54.11,45.48937025,8.297949758,58.27897596
1/1/2025 7:09,54.85,45.50594762,8.015082329,58.18412363
1/1/2025 7:10,55.66,45.49253396,7.874990967,58.52182517
1/1/2025 7:11,54.57,45.58325495,7.331876707,58.33681048
1/1/2025 7:12,54.85,45.47088321,8.461872843,58.21724386
1/1/2025 7:13,54.2,45.54268872,7.427508215,58.31574539
1/1/2025 7:14,53.9,45.44361664,7.485412056,58.08060779
1/1/2025 7:15,54.63,45.45018764,7.832683607,58.39333244
1/1/2025 7:16,54.55,45.57347478,8.137854743,58.21431823
1/1/2025 7:17,54.3,45.47730761,8.162966815,58.23153714
1/1/2025 7:18,53.96,45.40093707,8.47577991,58.2177177
1/1/2025 7:19,54.27,45.54089169,7.650856738,58.02790481
1/1/2025 7:20,55.27,45.57980508,8.413600158,58.05441079
1/1/2025 7:21,54.66,45.48994837,8.343026015,58.30499394
1/1/2025 7:22,54.25,45.48171962,7.892249204,58.33065534
1/1/2025 7:23,54.46,45.52338763,7.989985509,58.27986339
1/1/2025 7:24,55.6,45.47234617,8.297894806,58.14588616
1/1/2025 7:25,54.75,45.53566765,7.80298615,58.18074035
1/1/2025 7:26,55.48,45.55609496,7.398159181,58.1132093
1/1/2025 7:27,54.05,45.48901171,7.435976507,58.13968736
1/1/2025 7:28,53.82,45.40957124,8.156244643,58.45936961
1/1/2025 7:29,49.82,45.5942364,8.237267763,58.27015389
1/1/2025 7:30,54.3,45.41951784,7.806494337,58.34991699
1/1/2025 7:31,54.4,45.48188735,7.74365251,58.08395156
1/1/2025 7:32,54.29,45.41633705,8.09440731,58.43259219
1/1/2025 7:33,54.13,45.58255875,7.475437893,58.21586686
1/1/2025 7:34,53.23,45.44960165,7.351775454,58.07848757
1/1/2025 7:35,54.26,45.50284346,8.167553749,58.29847789
1/1/2025 7:36,54.37,45.54688706,7.576068614,58.56843925
1/1/2025 7:37,55.53,45.40612973,8.072815112,58.1045185
1/1/2025 7:38,54.62,45.43840741,7.530568838,58.40558439
1/1/2025 7:39,55.31,45.53204697,7.383365855,58.05470715
1/1/2025 7:40,54.86,45.54479657,8.19156787,58.21504476
1/1/2025 7:41,54.13,45.51114549,8.278326116,58.50452015
1/1/2025 7:42,54.6,45.41991518,7.459883596,58.44005337
1/1/2025 7:43,49.33,45.57713748,7.52514868,58.13930004
1/1/2025 7:44,55.52,45.4247438,8.018766504,58.5819925
1/1/2025 7:45,54.56,45.42670812,7.621629476,58.02061615
1/1/2025 7:46,54.51,45.44671911,8.365557871,58.19323602
1/1/2025 7:47,54.37,45.52100345,7.40305668,58.07643952
1/1/2025 7:48,54.53,45.53046709,7.83597862,58.19324864
1/1/2025 7:49,55.13,45.40781236,7.788413794,58.18551819
1/1/2025 7:50,54.81,45.44835747,7.598685557,58.3155085
1/1/2025 7:51,54.29,45.42279402,7.930449081,58.26509024
1/1/2025 7:52,53.64,45.41368205,7.361451316,58.3902694
1/1/2025 7:53,54.93,45.43423619,8.0033912,58.11520478
1/1/2025 7:54,54.68,45.46965428,7.595464891,58.5026793
1/1/2025 7:55,53.57,45.41822244,8.322970459,58.03938849
1/1/2025 7:56,54.06,45.44892501,8.211871325,58.50033815
1/1/2025 7:57,54.76,45.537405,7.672122734,58.60926197
1/1/2025 7:58,55.63,45.46916976,7.640234238,58.58172851
1/1/2025 7:59,55.1,45.53069815,8.024890087,58.23522104
1/1/2025 8:00,53.35,45.45295931,8.224689361,58.60446979
1/1/2025 8:01,54.74,45.47487274,7.706254736,58.02617126
1/1/2025 8:02,54.62,45.43881524,7.418047952,58.14683836
1/1/2025 8:03,54.56,45.40140506,7.813413062,58.18948982
1/1/2025 8:04,54.72,45.56366616,8.477043256,58.16168585
1/1/2025 8:05,54.32,45.55977184,7.685621977,58.5497166
1/1/2025 8:06,55.04,45.48335216,8.015046799,58.16727869
1/1/2025 8:07,53.88,45.41689929,7.458285667,58.35868495
1/1/2025 8:08,54.09,45.43976153,7.965990959,58.61866267
1/1/2025 8:09,50.7,45.52304735,8.109513858,58.37915321
1/1/2025 8:10,54.87,45.58978779,7.944502205,58.11596382
1/1/2025 8:11,54.1,45.49275266,7.705131945,58.561688
1/1/2025 8:12,54.88,45.49224112,7.594794223,58.28830025
1/1/2025 8:13,54.04,45.43239326,7.494482215,58.09939687
1/1/2025 8:14,53.54,45.57416391,8.274790349,58.56160512
1/1/2025 8:15,53.92,45.42826089,8.445930134,58.03134245
1/1/2025 8:16,53.96,45.47212351,7.470841651,58.09667671
1/1/2025 8:17,54.27,45.51455983,7.87794501,58.09260039
1/1/2025 8:18,54.58,45.42186939,7.725077817,58.37787479
1/1/2025 8:19,54.85,45.55343845,8.022325414,58.60716171
1/1/2025 8:20,54.33,45.59357547,8.302535374,58.36357961
1/1/2025 8:21,54.08,45.51447619,8.211148887,58.13203485
1/1/2025 8:22,54.33,45.54378536,8.381350071,58.00438499
1/1/2025 8:23,55.49,45.53509842,7.596757626,58.57848714
1/1/2025 8:24,54.26,45.40463922,7.336843843,58.37289773
1/1/2025 8:25,55.03,45.4922346,7.699043848,58.1490254
1/1/2025 8:26,54.6,45.52098996,7.541265866,58.31284766
1/1/2025 8:27,54.6,45.4619687,7.591398334,58.61532008
1/1/2025 8:28,53.97,45.40041058,7.406767422,58.55693643
1/1/2025 8:29,54.59,45.407305,8.453474738,58.32768211
1/1/2025 8:30,54.65,45.58587534,7.455792406,58.09275794
1/1/2025 8:31,55.69,45.53811754,8.342690297,58.10014259
1/1/2025 8:32,54.49,45.51918525,8.175315428,58.30226249
1/1/2025 8:33,54.63,45.563865,8.054448689,58.16570086
1/1/2025 8:34,54.06,45.46562578,8.352042871,58.43724401
1/1/2025 8:35,55.47,45.56865323,7.832194603,58.14887265
1/1/2025 8:36,54.23,45.56261095,8.475092868,58.36404074
1/1/2025 8:37,53.85,45.54719823,8.353164604,58.29959362
1/1/2025 8:38,53.75,45.44489975,8.088881056,58.09274101
1/1/2025 8:39,53.73,45.46047535,8.471571064,58.2088846
1/1/2025 8:40,54.84,45.47064277,8.484262048,58.599937
1/1/2025 8:41,54.63,45.44073986,8.05133215,58.24556736
1/1/2025 8:42,55.39,45.4115129,7.979393426,58.3995619
1/1/2025 8:43,54.74,45.4974774,7.621637832,58.31270888
1/1/2025 8:44,54.77,45.56872054,7.983691963,58.01022646
1/1/2025 8:45,55.13,45.50960913,7.725281016,58.60172241
1/1/2025 8:46,55.69,45.56006653,7.442105267,58.02121848
1/1/2025 8:47,54.69,45.56481354,7.503309287,58.37020055
1/1/2025 8:48,54.37,45.40312371,7.970914453,58.11931547
1/1/2025 8:49,53.57,45.4843826,8.074521169,58.0261225
1/1/2025 8:50,54.35,45.56758337,8.315580136,58.36442292
1/1/2025 8:51,54.94,45.45521626,8.088494424,58.00467526
1/1/2025 8:52,53.85,45.46053919,7.977910278,58.41926721
1/1/2025 8:53,54.6,45.56718294,7.967468606,58.37152528
1/1/2025 8:54,54.77,45.53190372,7.359110498,58.23604602
1/1/2025 8:55,54.22,45.45924936,8.469204792,58.39176357
1/1/2025 8:56,55.99,45.48646303,7.570573353,58.36789604
1/1/2025 8:57,54.47,45.50742861,7.508874256,58.08373416
1/1/2025 8:58,54.51,45.5751027,8.394129612,58.49564679
1/1/2025 8:59,54.4,45.55192272,7.653314512,58.24587227
1/1/2025 9:00,53.91,45.42700602,7.536312076,58.59620641
1/1/2025 9:01,53.92,45.53983324,8.427105528,58.30653447
1/1/2025 9:02,54.61,45.52755746,7.357070207,58.11923928
1/1/2025 9:03,54.28,45.55038491,8.440964205,58.34403121
1/1/2025 9:04,54.86,45.40308058,8.483360921,58.0022696
1/1/2025 9:05,53.84,45.59279862,8.277993302,58.00052109
1/1/2025 9:06,55.17,45.46584618,8.288890716,58.37532656
1/1/2025 9:07,55.04,45.42859574,8.21161443,58.0846078
1/1/2025 9:08,53.91,45.54546557,8.082774126,58.59741459
1/1/2025 9:09,59.74,45.52934471,8.267478316,58.01024174
1/1/2025 9:10,53.96,45.56515788,7.645666654,58.01596246
1/1/2025 9:11,55.61,45.55815888,7.815169204,58.15781425
1/1/2025 9:12,54.31,45.52832572,7.793121686,58.14829296
1/1/2025 9:13,54.74,45.51791708,8.416711292,58.13995122
1/1/2025 9:14,55.32,45.42440842,7.358728097,58.16932068
1/1/2025 9:15,53.91,45.50207125,8.462992153,58.36274594
1/1/2025 9:16,54.36,45.54644357,7.307760176,58.56172298
1/1/2025 9:17,53.96,45.54017285,8.223497775,58.09894979
1/1/2025 9:18,54.18,45.59827654,7.377496415,58.46320661
1/1/2025 9:19,55.05,45.45936852,7.414664254,58.44454308
1/1/2025 9:20,53.56,45.46744687,8.226837334,58.2424629
1/1/2025 9:21,54.59,45.44817105,7.553924607,58.48860108
1/1/2025 9:22,54.47,45.44173071,7.334807193,58.57349668
1/1/2025 9:23,54.44,45.58484456,7.415908542,58.34496489
1/1/2025 9:24,55.48,45.51949683,8.413105158,58.0973428
1/1/2025 9:25,48.97,45.50938037,8.425958817,58.311741
1/1/2025 9:26,55.02,45.43527394,7.565101155,58.60365469
1/1/2025 9:27,54.27,45.58607555,7.963356735,58.07490824
1/1/2025 9:28,55.24,45.40645954,7.337610465,58.22998616
1/1/2025 9:29,55.03,45.45969907,8.422653131,58.08523975
1/1/2025 9:30,54.49,45.41336304,7.345602938,58.17276298
1/1/2025 9:31,54.66,45.47976696,8.005612229,58.47719771
1/1/2025 9:32,54.28,45.50903516,7.940844375,58.18850281
1/1/2025 9:33,55.36,45.55207049,8.309858148,58.18837923
1/1/2025 9:34,54.57,45.42806408,7.889298261,58.11361024
1/1/2025 9:35,55.04,45.44718174,8.374395445,58.08213999
1/1/2025 9:36,54.59,45.58972753,7.646614284,58.28625055
1/1/2025 9:37,54.77,45.57123831,7.412095032,58.42196975
1/1/2025 9:38,54.65,45.42079495,8.426702467,58.21782644
1/1/2025 9:39,54.71,45.5529764,7.456132011,58.01524629
1/1/2025 9:40,54.73,45.47067959,7.570122047,58.19011785
1/1/2025 9:41,53.69,45.46145141,7.742438061,58.19529913
1/1/2025 9:42,54.8,45.55272144,8.073620987,58.59097377
1/1/2025 9:43,54.89,45.58708456,8.298148014,58.35087533
1/1/2025 9:44,54.6,45.50849312,8.030847439,58.13418881
1/1/2025 9:45,54.68,45.58714063,8.136917356,58.42699885
1/1/2025 9:46,54.55,45.54647038,7.352343511,58.55204616
1/1/2025 9:47,55.03,45.51468566,8.077654373,58.01083296
1/1/2025 9:48,53.86,45.46525598,8.281913813,58.57241003
1/1/2025 9:49,53.8,45.56421816,7.428885114,58.25400253
1/1/2025 9:50,54.78,45.57412517,7.461416648,58.43297144
1/1/2025 9:51,54.26,45.46119786,7.802678311,58.56110043
1/1/2025 9:52,55.44,45.40966478,7.304472696,58.43544917
1/1/2025 9:53,54.62,45.5169452,7.910073167,58.49569682
1/1/2025 9:54,55.03,45.50920091,7.438576158,58.25717877
1/1/2025 9:55,55.07,45.59480733,7.574159423,58.02600878
1/1/2025 9:56,54.06,45.56578091,7.698280875,58.29293259
1/1/2025 9:57,55.12,45.4807379,7.421203797,58.61808739
1/1/2025 9:58,55.17,45.44927786,7.874258208,58.54094091
1/1/2025 9:59,54.64,45.53557916,7.802567994,58.35088574
1/1/2025 10:00,55.17,45.48166229,7.876384324,58.06224313
1/1/2025 10:01,53.96,45.47123963,8.296890439,58.50764863
1/1/2025 10:02,49.25,45.51179196,7.550500759,58.48775872
1/1/2025 10:03,54.66,45.56992754,7.681861314,58.04925478
1/1/2025 10:04,54.36,45.53104194,7.947130129,58.37173874
1/1/2025 10:05,53.23,45.43648422,8.092689987,58.13578725
1/1/2025 10:06,54.06,45.56655311,7.565973826,58.25578089
1/1/2025 10:07,48.42,45.4217415,8.375109794,58.56668072
1/1/2025 10:08,53.26,45.40885303,8.059389831,58.11338542
1/1/2025 10:09,54.69,45.5536032,8.00460736,58.55167885
1/1/2025 10:10,54.32,45.48281826,8.39216312,58.28290399
1/1/2025 10:11,53.79,45.54216984,8.379242307,58.43054271
1/1/2025 10:12,55.07,45.59142602,8.208177118,58.45168189
1/1/2025 10:13,54.9,45.49318107,8.206418547,58.07649349
1/1/2025 10:14,55.33,45.52265911,7.599053152,58.14329774
1/1/2025 10:15,55.41,45.51262706,7.989613464,58.45616215
1/1/2025 10:16,54.62,45.5087242,7.409939666,58.49194644
1/1/2025 10:17,53.97,45.55347962,7.642416218,58.11334373
1/1/2025 10:18,54.63,45.56887527,7.37509201,58.0581305
1/1/2025 10:19,55.45,45.49180678,7.905104255,58.02077646
1/1/2025 10:20,54.71,45.41405339,7.581241785,58.37997675
1/1/2025 10:21,53.93,45.44270438,8.011448489,58.14590451
1/1/2025 10:22,54.39,45.44968661,7.47375252,58.25725829
1/1/2025 10:23,54.54,45.52710526,7.744881732,58.6200671
1/1/2025 10:24,54.82,45.40453164,8.165790056,58.43578424
1/1/2025 10:25,54.86,45.41351266,7.810998135,58.38893265
1/1/2025 10:26,53.22,45.41420655,7.333278012,58.11673432
1/1/2025 10:27,54.34,45.42752113,7.976883355,58.17628118
1/1/2025 10:28,54.79,45.59095616,8.310255271,58.464553
1/1/2025 10:29,54.69,45.47280415,7.888081911,58.41822083
1/1/2025 10:30,53.79,45.4618467,7.788636308,58.31239242
1/1/2025 10:31,53.87,45.56568249,8.21940702,58.36053198
1/1/2025 10:32,54.47,45.58736026,8.45208007,58.60437773
1/1/2025 10:33,49.49,45.58334614,8.244449039,58.21529638
1/1/2025 10:34,53.44,45.46897905,8.050170119,58.08285563
1/1/2025 10:35,55.43,45.41241411,8.042217654,58.45428368
1/1/2025 10:36,55.61,45.50241372,7.582124038,58.0965946
1/1/2025 10:37,53.57,45.46298286,7.786767647,58.23337174
1/1/2025 10:38,54.44,45.41133532,8.49532378,58.27689868
1/1/2025 10:39,54.73,45.46752744,7.864695915,58.14445207
1/1/2025 10:40,54.07,45.41032203,8.390576717,58.44548382
1/1/2025 10:41,55.45,45.56191913,7.559564662,58.39021287
1/1/2025 10:42,54.38,45.4495937,7.802838,58.61146989
1/1/2025 10:43,54.23,45.50966825,8.068900744,58.44861386
1/1/2025 10:44,54.71,45.48305408,8.443908091,58.38710115
1/1/2025 10:45,54.26,45.44469952,7.993309887,58.00243907
1/1/2025 10:46,54.77,45.51386619,7.552662394,58.23241835
1/1/2025 10:47,54.59,45.58690952,8.203742988,58.05931478
1/1/2025 10:48,54.38,45.43197167,8.036360836,58.59483095
1/1/2025 10:49,53.28,45.58233824,7.689986176,58.13656877
1/1/2025 10:50,54.54,45.40483294,7.634164853,58.13161209
1/1/2025 10:51,55.06,45.45632924,7.860614341,58.56627498
1/1/2025 10:52,54.71,45.47532314,8.193234776,58.09873984
1/1/2025 10:53,55.39,45.46517318,8.312052512,58.02790539
1/1/2025 10:54,53.83,45.45878148,7.725786745,58.03674899
1/1/2025 10:55,55.24,45.48612258,7.401887582,58.38143331
1/1/2025 10:56,54.97,45.53035379,8.177522883,58.16396365
1/1/2025 10:57,54.92,45.50702474,7.645092165,58.40016284
1/1/2025 10:58,53.63,45.41640338,7.677448204,58.01411926
1/1/2025 10:59,54.8,45.53267291,7.940563243,58.14840097
1/1/2025 11:00,54.17,45.45187391,7.744613548,58.50178955
1/1/2025 11:01,54.28,45.40282708,7.454664268,58.48801535
1/1/2025 11:02,54.59,45.58562108,7.882123602,58.27172037
1/1/2025 11:03,54.98,45.54354463,7.376742895,58.06564801
1/1/2025 11:04,54.83,45.54838593,8.328415289,58.43886749
1/1/2025 11:05,53.53,45.42874661,7.892416401,58.43673538
1/1/2025 11:06,55.1,45.47636918,7.372968718,58.21756115
1/1/2025 11:07,54.66,45.56635724,7.436801896,58.60345288
1/1/2025 11:08,53.68,45.58711073,8.179731393,58.40466417
1/1/2025 11:09,54.16,45.49271855,8.130050792,58.3202596
1/1/2025 11:10,55.14,45.50734919,8.345473055,58.57841987
1/1/2025 11:11,55.36,45.40357937,7.630803342,58.50769677
1/1/2025 11:12,55.01,45.54973487,8.127344769,58.09772262
1/1/2025 11:13,54.13,45.45583993,8.400964616,58.5409284
1/1/2025 11:14,54.71,45.52751552,7.458358155,58.39510861
1/1/2025 11:15,54.21,45.52534309,7.739585541,58.45739214
1/1/2025 11:16,54.16,45.45880737,7.41121024,58.2773762
1/1/2025 11:17,55.2,45.57290062,7.840995392,58.51723325
1/1/2025 11:18,54.97,45.44098125,7.518473595,58.13768657
1/1/2025 11:19,55.18,45.55213746,8.459434322,58.34670952
1/1/2025 11:20,54.66,45.53355068,8.23914965,58.09857106
1/1/2025 11:21,53.83,45.50570587,8.120029011,58.52830034
1/1/2025 11:22,55.43,45.53234312,8.145164347,58.38430255
1/1/2025 11:23,54.04,45.41918172,7.746865855,58.47210949
1/1/2025 11:24,54.42,45.44864028,7.966511636,58.049489
1/1/2025 11:25,55.42,45.52162146,7.794687931,58.06931594
1/1/2025 11:26,54.56,45.48420314,8.035015624,58.19546569
1/1/2025 11:27,55.39,45.42034768,7.950517228,58.33283656
1/1/2025 11:28,55.08,45.48960822,7.598069236,58.51439912
1/1/2025 11:29,55.12,45.52566961,7.685068477,58.57478558
1/1/2025 11:30,54.61,45.42049606,7.959139233,58.52183002
1/1/2025 11:31,54.87,45.47357387,7.591100527,58.52535825
1/1/2025 11:32,54.52,45.54477022,8.368254933,58.23075491
1/1/2025 11:33,53.77,45.50407421,8.252984538,58.33939627
1/1/2025 11:34,54.78,45.48181938,7.613324218,58.57193772
1/1/2025 11:35,54.61,45.44048111,7.714462525,58.14619351
1/1/2025 11:36,53.6,45.57177739,7.761606533,58.58153031
1/1/2025 11:37,59.69,45.48088337,7.699326773,58.4589006
1/1/2025 11:38,54.52,45.56352283,7.321141821,58.60234924
1/1/2025 11:39,54.93,45.40723603,8.32703704,58.07103065
1/1/2025 11:40,54.68,45.40500819,8.49738823,58.3697264
1/1/2025 11:41,55.21,45.49820809,8.462514302,58.36053311
1/1/2025 11:42,54.57,45.41957077,7.9291928,58.59324956
1/1/2025 11:43,55.19,45.41241094,8.006515096,58.45101534
1/1/2025 11:44,54.12,45.42903343,8.185552216,58.46853188
1/1/2025 11:45,54.72,45.45932654,7.608879598,58.01369949
1/1/2025 11:46,53.75,45.4905232,7.758139112,58.29025392
1/1/2025 11:47,54.79,45.45796071,7.528049707,58.20444784
1/1/2025 11:48,54.05,45.55514525,7.426619142,58.53863229
1/1/2025 11:49,53.88,45.47091198,8.236355101,58.61215338
1/1/2025 11:50,53.57,45.42607847,8.053875232,58.42260313
1/1/2025 11:51,54.92,45.54779941,8.266921593,58.32343836
1/1/2025 11:52,53.63,45.46848038,7.413324176,58.53525533
1/1/2025 11:53,54.28,45.47447842,8.371943379,58.16982033
1/1/2025 11:54,54.12,45.40331613,7.657394193,58.28754861
1/1/2025 11:55,54.17,45.52264675,7.500047425,58.4687844
1/1/2025 11:56,54.74,45.49585059,7.917581345,58.00404883
1/1/2025 11:57,54.01,45.42643795,7.515062014,58.58945812
1/1/2025 11:58,53.8,45.5387771,7.341219276,58.58093824
1/1/2025 11:59,53.75,45.46525038,7.44390405,58.12285078
1/1/2025 12:00,54.7,45.49579043,7.311706349,58.44410629
1/1/2025 12:01,55.94,45.46237163,8.401333053,58.05114247
1/1/2025 12:02,54.33,45.43105702,8.005934616,58.37855788
1/1/2025 12:03,53.94,45.48814391,7.915804783,58.3450996
1/1/2025 12:04,53.42,45.52038536,7.801382919,58.00757711
1/1/2025 12:05,53.9,45.41994053,7.840468788,58.29748215
1/1/2025 12:06,54.99,45.40079854,7.459732915,58.35314389
1/1/2025 12:07,53.37,45.42053582,7.45115852,58.60394871
1/1/2025 12:08,53.83,45.55534237,7.741319812,58.05343633
1/1/2025 12:09,53.65,45.48724366,8.437366733,58.46964317
1/1/2025 12:10,53.73,45.44104986,7.655267023,58.35008857
1/1/2025 12:11,54.85,45.40730258,7.883772364,58.54708275
1/1/2025 12:12,55.2,45.59745833,7.828979639,58.21175162
1/1/2025 12:13,55.37,45.51602785,7.405939179,58.41357002
1/1/2025 12:14,54.58,45.4947079,7.376126695,58.55793259
1/1/2025 12:15,53.1,45.52392954,7.520910989,58.28950267
1/1/2025 12:16,49.46,45.55739771,7.673785551,58.35495317
1/1/2025 12:17,54.99,45.47899622,8.131459711,58.41069562
1/1/2025 12:18,53.5,45.59593514,8.063616161,58.5205085
1/1/2025 12:19,55,45.48100071,7.912745475,58.27048075
1/1/2025 12:20,54.64,45.57976229,7.516294129,58.29054172
1/1/2025 12:21,53.97,45.58435532,8.044884981,58.51678422
1/1/2025 12:22,54.98,45.41532414,7.843668959,58.40680042
1/1/2025 12:23,55.3,45.52379852,8.092646384,58.36487864
1/1/2025 12:24,54.98,45.45247253,8.263302013,58.1159426
1/1/2025 12:25,55.27,45.47932531,7.511562802,58.26599992
1/1/2025 12:26,55.45,45.51535569,8.265738419,58.40499141
1/1/2025 12:27,55.43,45.58376007,7.527257023,58.53870085
1/1/2025 12:28,54.69,45.55502086,7.990087362,58.42123391
1/1/2025 12:29,54.08,45.4628372,7.941650011,58.10716452
1/1/2025 12:30,53.63,45.59048187,7.664128281,58.16613072
1/1/2025 12:31,54.65,45.42419401,8.25784174,58.23459673
1/1/2025 12:32,54.85,45.45542649,8.318662863,58.52331391
1/1/2025 12:33,54.37,45.56363306,8.128031657,58.23878813
1/1/2025 12:34,55.16,45.52553931,7.388454615,58.27300648
1/1/2025 12:35,54.56,45.5723335,7.461791655,58.3715707
1/1/2025 12:36,54.83,45.43813193,7.39461447,58.5469621
1/1/2025 12:37,54.25,45.48700661,8.305676071,58.46622704
1/1/2025 12:38,54.55,45.49219487,8.295156097,58.55532665
1/1/2025 12:39,54.37,45.40572729,8.365118434,58.03474332
1/1/2025 12:40,59.47,45.45413925,8.314560956,58.17166069
1/1/2025 12:41,55.01,45.51495447,8.022603078,58.53412721
1/1/2025 12:42,54.6,45.57345989,8.393229077,58.47201556
1/1/2025 12:43,54.59,45.55790831,8.434358992,58.28176646
1/1/2025 12:44,55.66,45.49596226,8.081565526,58.14034659
1/1/2025 12:45,54.57,45.48099545,8.145634706,58.26344928
1/1/2025 12:46,54.77,45.55747106,8.257137605,58.57665715
1/1/2025 12:47,54.66,45.51718481,7.841118798,58.10796067
1/1/2025 12:48,54.47,45.44169582,8.156567709,58.28480212
1/1/2025 12:49,53.75,45.58995251,7.904068411,58.06610644
1/1/2025 12:50,54.33,45.47774481,7.419662092,58.04640029
1/1/2025 12:51,53.54,45.4336071,7.746191512,58.48908339
1/1/2025 12:52,53.91,45.45165549,8.086787563,58.17551743
1/1/2025 12:53,54.04,45.47022092,7.369220992,58.21698572
1/1/2025 12:54,55.29,45.58709064,7.966094404,58.00430599
1/1/2025 12:55,54.35,45.58708837,7.478165316,58.00750049
1/1/2025 12:56,54.72,45.50229454,7.987633552,58.51227904
1/1/2025 12:57,54.86,45.40989952,8.162191421,58.048506
1/1/2025 12:58,54.85,45.59119534,7.859468595,58.31254003
1/1/2025 12:59,54.93,45.50438493,8.049188086,58.04503814
1/1/2025 13:00,54.05,45.59652565,8.499551061,58.50394721
1/1/2025 13:01,53.81,45.45546461,7.898220184,58.0811161
1/1/2025 13:02,54.41,45.51438673,8.07373696,58.22429901
1/1/2025 13:03,53.76,45.44895965,7.713303401,58.45507269
1/1/2025 13:04,53.84,45.45272323,8.022880111,58.29410199
1/1/2025 13:05,53.6,45.50226383,8.355820854,58.03832344
1/1/2025 13:06,54.04,45.43634707,7.455111591,58.1442134
1/1/2025 13:07,54.33,45.46262368,8.308962991,58.13313967
1/1/2025 13:08,54.56,45.4446387,8.459561678,58.04570135
1/1/2025 13:09,53.81,45.41622291,8.480979488,58.27534091
1/1/2025 13:10,53.57,45.49443016,8.051226152,58.50018278
1/1/2025 13:11,54.54,45.49260091,7.478321816,58.42460446
1/1/2025 13:12,54.4,45.46756528,8.23924535,58.4291499
1/1/2025 13:13,54.34,45.50759762,7.63167165,58.33465645
1/1/2025 13:14,55.36,45.43200163,7.626361447,58.34201339
1/1/2025 13:15,54.6,45.49006769,7.513483978,58.44644616
1/1/2025 13:16,55.19,45.40869342,8.481221613,58.47090095
1/1/2025 13:17,54.19,45.56078773,7.314480179,58.42408999
1/1/2025 13:18,55.36,45.46472429,7.907442768,58.03321905
1/1/2025 13:19,54.97,45.46214896,7.591651557,58.02874652
1/1/2025 13:20,54.38,45.53228731,7.775285695,58.19068516
1/1/2025 13:21,54.14,45.55505697,7.72228721,58.2353952
1/1/2025 13:22,54.45,45.49907427,7.528831825,58.05568288
1/1/2025 13:23,54.93,45.58440087,8.260234169,58.45737482
1/1/2025 13:24,54.63,45.42401859,8.363618099,58.55360432
1/1/2025 13:25,54.6,45.53324432,7.556614484,58.09126788
1/1/2025 13:26,53.33,45.53914229,7.508844286,58.39663968
1/1/2025 13:27,54.77,45.55878917,8.029034769,58.03174171
1/1/2025 13:28,54.69,45.43133094,7.362899933,58.30678048
1/1/2025 13:29,53.66,45.50748107,8.279102594,58.17144344
1/1/2025 13:30,54.53,45.52609869,7.590964717,58.58333927
1/1/2025 13:31,59.23,45.54209455,7.506295204,58.56487483
1/1/2025 13:32,54.45,45.45011039,8.266426543,58.6111639
1/1/2025 13:33,53.06,45.52354807,8.390841871,58.39657613
1/1/2025 13:34,54.19,45.4237068,7.663723478,58.61689628
1/1/2025 13:35,55.02,45.51837731,7.976750405,58.32753407
1/1/2025 13:36,54.44,45.51519728,8.362899396,58.32778897
1/1/2025 13:37,54.48,45.4085613,8.244929293,58.46765959
1/1/2025 13:38,54.73,45.56025656,7.599758499,58.2938179
1/1/2025 13:39,55.17,45.46427042,8.162645369,58.44748942
1/1/2025 13:40,55.64,45.59472927,7.959747481,58.20297014
1/1/2025 13:41,54.56,45.58379914,7.77994613,58.58613222
1/1/2025 13:42,54.77,45.52864453,7.637217198,58.6145208
1/1/2025 13:43,54.11,45.45780149,8.142983737,58.14233831
1/1/2025 13:44,55.01,45.417427,7.469283524,58.04548032
1/1/2025 13:45,54.09,45.40116771,7.48976975,58.00301776
1/1/2025 13:46,54.88,45.44814392,8.426267676,58.59777553
1/1/2025 13:47,54.65,45.45300047,7.446492969,58.2130513
1/1/2025 13:48,53.85,45.43642673,8.032397039,58.33135158
1/1/2025 13:49,54.98,45.50469727,7.326730629,58.52081421
1/1/2025 13:50,53.9,45.56269401,7.716513457,58.47239464
1/1/2025 13:51,54.79,45.50053041,7.701124739,58.56721009
1/1/2025 13:52,54.74,45.52050579,7.969623219,58.0462615
1/1/2025 13:53,54.64,45.41116533,8.218698119,58.20308977
1/1/2025 13:54,54.58,45.4097551,7.453560734,58.13060086
1/1/2025 13:55,54.12,45.40305914,7.438436065,58.05606204
1/1/2025 13:56,53.45,45.50894886,7.802151646,58.55370718
1/1/2025 13:57,55.84,45.42920243,8.130057625,58.22347116
1/1/2025 13:58,54.32,45.49348479,7.92131051,58.48787263
1/1/2025 13:59,53.7,45.56754647,8.400490887,58.14455384
1/1/2025 14:00,54.81,45.50028947,7.708474369,58.50120174
1/1/2025 14:01,53.95,45.53461331,7.741707779,58.58469341
1/1/2025 14:02,59.98,45.55242078,7.552653725,58.28506296
1/1/2025 14:03,55.41,45.42134468,8.258995704,58.41911243
1/1/2025 14:04,59.66,45.48312036,7.804438566,58.12566475
1/1/2025 14:05,54.31,45.49700537,7.866800741,58.52635306
1/1/2025 14:06,54.98,45.50692612,7.84553277,58.50484895
1/1/2025 14:07,54.45,45.41744971,8.231812351,58.06155536
1/1/2025 14:08,53.97,45.51298519,7.428178335,58.48130022
1/1/2025 14:09,53.76,45.50372975,8.383482644,58.37790995
1/1/2025 14:10,53.85,45.56019231,7.712181278,58.07891008
1/1/2025 14:11,54.06,45.44144758,8.393803552,58.33514666
1/1/2025 14:12,54.34,45.51264911,7.511107296,58.57361495
1/1/2025 14:13,54.83,45.50655416,7.665685204,58.13206298
1/1/2025 14:14,54.28,45.5464456,8.166252362,58.29720978
1/1/2025 14:15,54.98,45.48565992,8.239688397,58.22868182
1/1/2025 14:16,54.61,45.43846165,7.904977448,58.22488733
1/1/2025 14:17,54.81,45.50779318,8.23466535,58.13796173
1/1/2025 14:18,54.4,45.49643018,7.949623354,58.56765677
1/1/2025 14:19,55.03,45.41454097,7.566630732,58.29582543
1/1/2025 14:20,53.88,45.50493296,7.848693519,58.5868371
1/1/2025 14:21,54.97,45.55021551,8.041387612,58.30331247
1/1/2025 14:22,54.59,45.53405058,7.844714221,58.57012767
1/1/2025 14:23,54.69,45.46082222,7.322282633,58.54674042
1/1/2025 14:24,54.82,45.54278826,8.07762786,58.55904674
1/1/2025 14:25,54.59,45.46397437,7.924854466,58.45534887
1/1/2025 14:26,54.09,45.41312675,7.587039878,58.27024837
1/1/2025 14:27,54.56,45.54686254,7.301382123,58.35658619
1/1/2025 14:28,54.07,45.56797647,8.136263084,58.47594238
1/1/2025 14:29,55.16,45.41580738,7.474325842,58.24670708
1/1/2025 14:30,53.8,45.48780208,8.086425739,58.46999477
1/1/2025 14:31,54.14,45.53717138,7.988787877,58.40700001
1/1/2025 14:32,53.76,45.47088517,7.950439369,58.29912459
1/1/2025 14:33,53.66,45.4848658,7.474265488,58.56044451
1/1/2025 14:34,53.9,45.49615478,8.014082244,58.10553659
1/1/2025 14:35,54.09,45.43035229,8.290005306,58.17224243
1/1/2025 14:36,55.23,45.40167926,7.581479295,58.04067187
1/1/2025 14:37,54.97,45.41880346,7.807340689,58.32985907
1/1/2025 14:38,53.15,45.50678617,7.77967956,58.6006793
1/1/2025 14:39,55.1,45.46228543,7.418544107,58.26013176
1/1/2025 14:40,54.51,45.54316595,7.804608267,58.45446802
1/1/2025 14:41,53.4,45.43326505,7.84044648,58.43918474
1/1/2025 14:42,54.53,45.45730311,8.206359053,58.06029513
1/1/2025 14:43,55.32,45.53283375,7.566384146,58.49067763
1/1/2025 14:44,54.24,45.43876843,8.341078226,58.37189082
1/1/2025 14:45,53.87,45.59373357,7.674640357,58.48316077
1/1/2025 14:46,54.54,45.42686842,7.432698689,58.33924182
1/1/2025 14:47,54.56,45.53833406,7.84127139,58.43836224
1/1/2025 14:48,54.24,45.49149086,8.100047648,58.61119894
1/1/2025 14:49,55.22,45.42240237,8.177694441,58.21763454
1/1/2025 14:50,50.07,45.57906379,7.699212093,58.25689738
1/1/2025 14:51,54.86,45.43806371,7.798901013,58.10829883
1/1/2025 14:52,54.08,45.4771464,7.58746384,58.17354893
1/1/2025 14:53,55.81,45.42715564,7.962028897,58.35849527
1/1/2025 14:54,54.45,45.4543016,7.935123817,58.59650966
1/1/2025 14:55,54.62,45.44618984,7.950858318,58.42030127
1/1/2025 14:56,55.69,45.43139981,7.764064095,58.12180408
1/1/2025 14:57,54.81,45.47319378,8.274997559,58.34595311
1/1/2025 14:58,49.17,45.58273782,8.102999798,58.36284172
1/1/2025 14:59,54.63,45.54587233,8.193050534,58.31021827
1/1/2025 15:00,54.49,45.44543145,8.07750149,58.08685167
1/1/2025 15:01,54.89,45.52450975,8.330624411,58.60753151
1/1/2025 15:02,54.59,45.40464233,7.306927861,58.59001325
1/1/2025 15:03,55.21,45.5405452,8.463449256,58.01153475
1/1/2025 15:04,53.54,45.56978924,7.321645504,58.18310856
1/1/2025 15:05,54.14,45.44178823,7.651677244,58.30069347
1/1/2025 15:06,54.63,45.57628306,8.471472576,58.46641576
1/1/2025 15:07,54.01,45.52549785,8.39555701,58.27210845
1/1/2025 15:08,54.63,45.4476832,7.829081487,58.35478859
1/1/2025 15:09,53.62,45.40907316,8.418643052,58.4219214
1/1/2025 15:10,54.5,45.516795,8.073070795,58.42752373
1/1/2025 15:11,54.62,45.50497759,8.473915346,58.52184971
1/1/2025 15:12,54.21,45.58369956,7.518020674,58.19147643
1/1/2025 15:13,54.61,45.56042524,8.297065345,58.33785184
1/1/2025 15:14,54.58,45.48929171,8.242959134,58.32401396
1/1/2025 15:15,54.42,45.5179409,7.744683848,58.01583798
1/1/2025 15:16,54.77,45.51879345,7.492720845,58.20037963
1/1/2025 15:17,55.81,45.42192227,8.19331163,58.60017881
1/1/2025 15:18,53.81,45.51922009,8.181989431,58.50562117
1/1/2025 15:19,55.51,45.52067503,7.553150169,58.00499963
1/1/2025 15:20,54.62,45.52167002,7.427151411,58.14300332
1/1/2025 15:21,54.14,45.41351558,8.277646771,58.19054558
1/1/2025 15:22,54.96,45.50977318,7.680559086,58.16129282
1/1/2025 15:23,54.25,45.50024864,8.120866989,58.30052623
1/1/2025 15:24,54.41,45.50826788,8.457339554,58.518281
1/1/2025 15:25,53.77,45.44253745,8.182500727,58.42609657
1/1/2025 15:26,54.14,45.59606743,7.704546868,58.20795005
1/1/2025 15:27,55.5,45.50213456,7.879415456,58.57858117
1/1/2025 15:28,54.5,45.46038913,7.41020347,58.55193173
1/1/2025 15:29,53.34,45.40902238,8.018439533,58.38769986
1/1/2025 15:30,54.72,45.53537736,7.682994672,58.55209452
1/1/2025 15:31,53.28,45.5519631,7.586616339,58.55753125
1/1/2025 15:32,55.09,45.56371515,7.715891496,58.57677332
1/1/2025 15:33,54.65,45.48160735,8.224075016,58.48489642
1/1/2025 15:34,54.01,45.4821262,7.967189524,58.11776928
1/1/2025 15:35,52.63,45.45943183,8.193497576,58.11711876
1/1/2025 15:36,54.39,45.54153835,8.145587661,58.43444903
1/1/2025 15:37,54.02,45.40294585,7.584831853,58.57056689
1/1/2025 15:38,54.47,45.46694058,8.00655854,58.08849842
1/1/2025 15:39,54.42,45.52742894,8.30452823,58.20936314
1/1/2025 15:40,53.95,45.44151363,8.087411656,58.01540311
1/1/2025 15:41,54.34,45.56464012,8.346853392,58.46216062
1/1/2025 15:42,54.27,45.56995386,8.457343456,58.55503704
1/1/2025 15:43,54.43,45.51904048,7.896061584,58.48452811
1/1/2025 15:44,54.35,45.57325345,7.348402619,58.62033145
1/1/2025 15:45,54.53,45.554211,7.871713256,58.07432466
1/1/2025 15:46,59.92,45.4379943,8.098854336,58.59364349
1/1/2025 15:47,54.11,45.58792676,8.063030045,58.34786023
1/1/2025 15:48,53.53,45.54232297,7.93964568,58.19921044
1/1/2025 15:49,55.15,45.45574365,7.938847627,58.01479776
1/1/2025 15:50,54.22,45.46946738,7.78112344,58.26129653
1/1/2025 15:51,54.14,45.59119553,7.610296895,58.60629656
1/1/2025 15:52,55.09,45.53790243,7.895577592,58.21128718
1/1/2025 15:53,55.58,45.441822,7.620608126,58.47019333
1/1/2025 15:54,55.19,45.5645869,8.478456972,58.23156583
1/1/2025 15:55,54.48,45.58048975,7.760565464,58.02966831
1/1/2025 15:56,54.22,45.56821925,8.185081563,58.22788
1/1/2025 15:57,54.82,45.54727168,8.193610086,58.39480384
1/1/2025 15:58,60.55,45.50497823,8.017820253,58.44288084
1/1/2025 15:59,54.86,45.4905524,7.811551942,58.34089351
1/1/2025 16:00,54.18,45.47430494,8.260742201,58.47954004
1/1/2025 16:01,55.36,45.57659609,8.377206356,58.54921259
1/1/2025 16:02,55.43,45.56995757,8.038124645,58.26273332
1/1/2025 16:03,53.85,45.51914693,8.472529522,58.53272191
1/1/2025 16:04,55.25,45.43786511,7.314402099,58.4368961
1/1/2025 16:05,55.05,45.52216998,7.512068803,58.18389855
1/1/2025 16:06,53.58,45.45744263,7.527147711,58.59595594
1/1/2025 16:07,54.09,45.58696288,7.374917517,58.00996325
1/1/2025 16:08,54.46,45.50276874,8.08710116,58.48447453
1/1/2025 16:09,53.75,45.42248551,7.898279711,58.17800765
1/1/2025 16:10,54.71,45.49745107,8.307113528,58.21863629
1/1/2025 16:11,54.3,45.576613,8.285991835,58.39606664
1/1/2025 16:12,54.95,45.52477834,8.023158417,58.46278387
1/1/2025 16:13,55.24,45.53536885,7.984669392,58.1524678
1/1/2025 16:14,53.56,45.5241473,7.729363668,58.27981675
1/1/2025 16:15,53.91,45.40724812,7.661675449,58.47597735
1/1/2025 16:16,54.49,45.59045563,8.132773582,58.5905264
1/1/2025 16:17,55.87,45.5488489,7.303573697,58.19194362
1/1/2025 16:18,54.3,45.52785678,8.350305478,58.14545472
1/1/2025 16:19,54.24,45.42500868,7.781970843,58.44686917
1/1/2025 16:20,53.69,45.41769196,8.226462048,58.23259526
1/1/2025 16:21,54.15,45.54483359,7.375786909,58.11639242
1/1/2025 16:22,54.47,45.58374109,8.152350717,58.37290096
1/1/2025 16:23,54.74,45.54638402,7.307174219,58.02036614
1/1/2025 16:24,53.67,45.45513352,8.171912565,58.53516153
1/1/2025 16:25,55.46,45.45771768,7.726541935,58.36261096
1/1/2025 16:26,53.16,45.51645344,8.380667251,58.33398219
1/1/2025 16:27,54.46,45.54780861,8.127081971,58.42886359
1/1/2025 16:28,55.56,45.48776014,7.939301059,58.06693212
1/1/2025 16:29,54.83,45.46948396,7.865498567,58.35384357
1/1/2025 16:30,53.88,45.43060752,7.316603486,58.52585618
1/1/2025 16:31,55.28,45.47483979,7.693956792,58.16603859
1/1/2025 16:32,54.47,45.52828914,7.450209783,58.45682735
1/1/2025 16:33,55.3,45.49882983,7.688006041,58.57235984
1/1/2025 16:34,54.69,45.53728,8.252473469,58.2833789
1/1/2025 16:35,54.36,45.45093688,7.678424564,58.43629379
1/1/2025 16:36,53.74,45.56206873,7.472608759,58.19633668
1/1/2025 16:37,54.81,45.54447565,7.771203838,58.34739093
1/1/2025 16:38,54.38,45.50459922,7.569530656,58.31068174
1/1/2025 16:39,54.03,45.59762772,8.176349046,58.38454146
1/1/2025 16:40,55.28,45.49125256,7.925241441,58.46546112
1/1/2025 16:41,53.75,45.54636704,7.658257771,58.20097282
1/1/2025 16:42,53.83,45.53180409,8.464423621,58.3404211
1/1/2025 16:43,55.2,45.54303324,8.017989961,58.58135582
1/1/2025 16:44,54.47,45.5389379,8.22657606,58.27048035
1/1/2025 16:45,55.13,45.42089018,8.014503531,58.14415836
1/1/2025 16:46,53.8,45.45471191,7.552520644,58.08455949
1/1/2025 16:47,54.65,45.41865498,8.028526084,58.10310055
1/1/2025 16:48,54.6,45.46339999,8.055394881,58.31686809
1/1/2025 16:49,54.31,45.44994739,7.773449597,58.04751229
1/1/2025 16:50,54.58,45.44501144,7.68192323,58.21675537
1/1/2025 16:51,54.72,45.52010461,7.452375311,58.21355234
1/1/2025 16:52,54.57,45.58036846,8.237462694,58.50663294
1/1/2025 16:53,54.04,45.40190088,7.919224118,58.48247897
1/1/2025 16:54,54.45,45.45894427,7.395423417,58.27772911
1/1/2025 16:55,54.96,45.5636143,7.685278933,58.18139799
1/1/2025 16:56,53.85,45.59025078,7.477339079,58.18115368
1/1/2025 16:57,54.09,45.49361501,8.196684945,58.35393585
1/1/2025 16:58,49.33,45.55335145,7.502153084,58.48562675
1/1/2025 16:59,54.88,45.44677544,8.290181164,58.49604453
1/1/2025 17:00,53.63,45.52974287,7.740990382,58.14679578
1/1/2025 17:01,54.52,45.51167028,7.817038893,58.04268932
1/1/2025 17:02,55.2,45.56853426,8.19158323,58.32040843
1/1/2025 17:03,54.01,45.58237864,8.451334452,58.57981148
1/1/2025 17:04,54.59,45.42139736,8.490960467,58.10350097
1/1/2025 17:05,54.16,45.42081734,7.740175674,58.44685368
1/1/2025 17:06,55.08,45.51772069,7.633991548,58.56194904
1/1/2025 17:07,60.46,45.42034449,7.599690196,58.06521076
1/1/2025 17:08,54.39,45.41013847,8.306539538,58.45288531
1/1/2025 17:09,53.88,45.56081443,7.31510687,58.31782783
1/1/2025 17:10,54.23,45.5766009,8.117596432,58.31567647
1/1/2025 17:11,54.1,45.48921892,7.552948735,58.2007068
1/1/2025 17:12,55.29,45.49275004,8.304674345,58.25532685
1/1/2025 17:13,55.05,45.55637494,8.362602306,58.1142064
1/1/2025 17:14,55.34,45.41654854,8.461016342,58.21514636
1/1/2025 17:15,54.92,45.53454734,7.640758345,58.25774187
1/1/2025 17:16,53.54,45.44028428,8.223522204,58.31806509
1/1/2025 17:17,54.16,45.46762674,8.152760208,58.21229424
1/1/2025 17:18,55.06,45.52824369,8.408569469,58.2137953
1/1/2025 17:19,53.93,45.5728019,8.367686783,58.23452548
1/1/2025 17:20,54.47,45.59403027,7.384382321,58.1360952
1/1/2025 17:21,54.3,45.50038543,7.743884314,58.2075433
1/1/2025 17:22,54.48,45.40758999,8.337718283,58.51892972
1/1/2025 17:23,54.67,45.46282011,8.276870745,58.19128684
1/1/2025 17:24,53.27,45.41774427,7.550120111,58.15606216
1/1/2025 17:25,54.35,45.54123051,8.306879526,58.39287515
1/1/2025 17:26,54.79,45.53863557,7.352839013,58.2484566
1/1/2025 17:27,55.34,45.40468153,7.509784614,58.34645033
1/1/2025 17:28,54.85,45.45064603,7.675463597,58.60952757
1/1/2025 17:29,54.67,45.50253476,8.406402287,58.11799718
1/1/2025 17:30,53.64,45.48689276,8.307033558,58.30228842
1/1/2025 17:31,54.09,45.51038959,7.994159821,58.46863641
1/1/2025 17:32,54.1,45.46266448,7.624715107,58.30710461
1/1/2025 17:33,54.25,45.57262769,7.411655135,58.32029636
1/1/2025 17:34,53.78,45.44104603,7.57238776,58.40433049
1/1/2025 17:35,53.51,45.51738404,8.197380029,58.45070852
1/1/2025 17:36,53.99,45.51883481,8.234105301,58.39289975
1/1/2025 17:37,53.72,45.56507221,8.246936662,58.21351814
1/1/2025 17:38,54.54,45.4635255,7.830355239,58.2495435
1/1/2025 17:39,54.45,45.46211539,8.324021178,58.35089779
1/1/2025 17:40,54.89,45.52610001,7.527067496,58.30601753
1/1/2025 17:41,54.27,45.48047861,7.681451408,58.03308792
1/1/2025 17:42,54.85,45.59831312,8.231816757,58.27220727
1/1/2025 17:43,55.81,45.43469778,8.014646117,58.30722023
1/1/2025 17:44,54.73,45.58543764,7.87525035,58.33302013
1/1/2025 17:45,54.33,45.4629611,7.841752569,58.32578642
1/1/2025 17:46,53.61,45.5255511,8.364997445,58.39286818
1/1/2025 17:47,53.79,45.43475596,7.523928504,58.32983868
1/1/2025 17:48,54.21,45.55161282,7.362100983,58.61548874
1/1/2025 17:49,55.57,45.5897097,8.33937194,58.13622625
1/1/2025 17:50,54.13,45.45581538,8.46580088,58.38357105
1/1/2025 17:51,55.2,45.48188592,7.710743564,58.50677149
1/1/2025 17:52,54.91,45.51649985,7.538314255,58.20540462
1/1/2025 17:53,54.22,45.49642354,7.520487608,58.26964059
1/1/2025 17:54,53.76,45.44105333,8.1948736,58.38233417
1/1/2025 17:55,54.4,45.40697447,7.362609129,58.09878893
1/1/2025 17:56,54.07,45.4802247,8.091214,58.25374418
1/1/2025 17:57,54.85,45.46585053,8.459728376,58.39078999
1/1/2025 17:58,54.82,45.45821903,8.439824846,58.37221127
1/1/2025 17:59,53.9,45.49786043,8.17065511,58.2069656
1/1/2025 18:00,53.7,45.49191211,7.492304055,58.32498596
1/1/2025 18:01,54.17,45.46746175,7.871324351,58.5875491
1/1/2025 18:02,53.57,45.56174122,7.857568459,58.36771657
1/1/2025 18:03,58.82,45.54908903,8.456598023,58.0124135
1/1/2025 18:04,55.22,45.58034694,8.184786054,58.41646266
1/1/2025 18:05,55.97,45.5790092,8.20920173,58.35184462
1/1/2025 18:06,53.83,45.43855909,7.754763098,58.14117984
1/1/2025 18:07,54.28,45.50363378,8.253587974,58.36520571
1/1/2025 18:08,54.39,45.42254228,8.004339434,58.04039544
1/1/2025 18:09,55.02,45.5034262,7.648474487,58.39753784
1/1/2025 18:10,54.85,45.44714832,8.111914133,58.44401591
1/1/2025 18:11,54.69,45.45556739,8.043109401,58.08723239
1/1/2025 18:12,54.64,45.51285002,7.410254551,58.59891624
1/1/2025 18:13,54.05,45.49979432,7.950460297,58.32094845
1/1/2025 18:14,54.3,45.41736289,8.166599735,58.46678238
1/1/2025 18:15,54.69,45.52588564,7.808095073,58.61864604
1/1/2025 18:16,55,45.45828764,7.756374169,58.28964851
1/1/2025 18:17,55.05,45.47749753,7.477488004,58.29219915
1/1/2025 18:18,54.5,45.42181152,7.971316293,58.59130441
1/1/2025 18:19,53.35,45.5596323,7.392806914,58.16623925
1/1/2025 18:20,54.96,45.40647767,7.375714437,58.2213192
1/1/2025 18:21,55.06,45.45958057,7.440557764,58.43794939
1/1/2025 18:22,54.3,45.4712064,7.360187774,58.48887509
1/1/2025 18:23,54.68,45.49081788,8.146426196,58.34675954
1/1/2025 18:24,53.88,45.58132741,7.619127943,58.1955084
1/1/2025 18:25,54.46,45.47707688,7.827004825,58.24388477
1/1/2025 18:26,54.43,45.48422713,7.854354933,58.32926597
1/1/2025 18:27,54.51,45.54308319,8.394548408,58.54738389
1/1/2025 18:28,53.42,45.50759757,8.003800177,58.10286159
1/1/2025 18:29,55.24,45.58062939,7.456307684,58.46047601
1/1/2025 18:30,54.12,45.47139662,7.580002336,58.18769331
1/1/2025 18:31,55.01,45.57758104,7.756507629,58.06302001
1/1/2025 18:32,54.14,45.59494199,7.38058938,58.13308199
1/1/2025 18:33,53.48,45.49458333,8.372508314,58.35601885
1/1/2025 18:34,54.56,45.43788803,8.46058751,58.05989548
1/1/2025 18:35,52.87,45.47466342,7.371891891,58.110683
1/1/2025 18:36,54.32,45.55282625,7.543216645,58.29201573
1/1/2025 18:37,54.48,45.59290707,8.271234736,58.32601734
1/1/2025 18:38,55.49,45.51728516,7.555625134,58.27091166
1/1/2025 18:39,54.79,45.49754745,8.397418408,58.30838891
1/1/2025 18:40,54.5,45.58913159,7.342629676,58.13054309
1/1/2025 18:41,54.11,45.49457891,7.409781271,58.03588368
1/1/2025 18:42,55.78,45.40715987,7.626905174,58.2608135
1/1/2025 18:43,58.48,45.44217824,8.089156057,58.00423676
1/1/2025 18:44,54.87,45.55620041,7.625617809,58.33459477
1/1/2025 18:45,55.02,45.5630886,8.102624319,58.08283378
1/1/2025 18:46,53.69,45.41264788,7.913158263,58.41366329
1/1/2025 18:47,54.65,45.53298936,8.433252637,58.18737175
1/1/2025 18:48,54.37,45.50944962,8.346180905,58.42936131
1/1/2025 18:49,54.34,45.58162475,8.293043314,58.60444513
1/1/2025 18:50,54.99,45.47035956,8.020765683,58.3880947
1/1/2025 18:51,53.15,45.4128207,7.754287945,58.2128169
1/1/2025 18:52,54.76,45.54071529,8.269485794,58.46367068
1/1/2025 18:53,54.79,45.43450004,7.625714747,58.4522578
1/1/2025 18:54,53.91,45.53997322,8.443004596,58.00581178
1/1/2025 18:55,55.29,45.54159703,7.582399039,58.47189266
1/1/2025 18:56,53.83,45.43638119,7.671942309,58.3577413
1/1/2025 18:57,54.57,45.50349822,7.511091292,58.59006952
1/1/2025 18:58,55.29,45.50386103,7.562638026,58.02403586
1/1/2025 18:59,54.54,45.40002691,8.384115208,58.28432061
1/1/2025 19:00,55.39,45.49607219,8.153257657,58.15214965
1/1/2025 19:01,54.9,45.40424121,8.396414265,58.58155925
1/1/2025 19:02,53.82,45.47775183,7.52970005,58.41724155
1/1/2025 19:03,54.83,45.46098019,8.465276204,58.21464488
1/1/2025 19:04,54.71,45.41246626,8.136949724,58.15706689
1/1/2025 19:05,53.79,45.5359007,8.344201107,58.28002764
1/1/2025 19:06,59.83,45.43174742,8.201503868,58.4856613
1/1/2025 19:07,55.38,45.42934148,7.395480872,58.28275909
1/1/2025 19:08,55.43,45.44460183,7.76838121,58.15837609
1/1/2025 19:09,53.52,45.50166653,7.480574198,58.16974298
1/1/2025 19:10,53.7,45.58534233,8.072445213,58.5836638
1/1/2025 19:11,53.6,45.58609173,8.074491193,58.58327031
1/1/2025 19:12,54.89,45.44639051,7.816183767,58.05693016
1/1/2025 19:13,55.28,45.40679503,7.766970156,58.31312951
1/1/2025 19:14,53.86,45.53191693,7.775312716,58.38273432
1/1/2025 19:15,54.71,45.41389804,7.810640099,58.12847172
1/1/2025 19:16,54.57,45.55922284,7.448345781,58.40765563
1/1/2025 19:17,53.63,45.59891101,7.936834197,58.15081808
1/1/2025 19:18,54.86,45.51603747,8.146179386,58.46417239
1/1/2025 19:19,53.78,45.5204735,7.817096902,58.08716428
1/1/2025 19:20,54.49,45.44656057,7.45248416,58.08130543
1/1/2025 19:21,55.41,45.50554121,8.041403538,58.19414267
1/1/2025 19:22,53.76,45.50193582,7.581551347,58.45226093
1/1/2025 19:23,54.59,45.59946786,7.413986175,58.0345206
1/1/2025 19:24,54.88,45.58272838,8.002062629,58.27784548
1/1/2025 19:25,54.13,45.54920938,8.259074116,58.26093444
1/1/2025 19:26,54.56,45.47027139,7.699531652,58.25737903
1/1/2025 19:27,54.01,45.46128291,7.525072677,58.41429332
1/1/2025 19:28,55.12,45.50400861,8.267769152,58.13264152
1/1/2025 19:29,54.52,45.4883883,7.853142398,58.18184843
1/1/2025 19:30,54.99,45.45313432,7.910266844,58.28614705
1/1/2025 19:31,54.63,45.46992042,7.33436911,58.11710302
1/1/2025 19:32,55.03,45.59155303,8.062329586,58.45184008
1/1/2025 19:33,54.8,45.55803405,8.216064887,58.16977677
1/1/2025 19:34,55.26,45.44587403,8.070812943,58.25500749
1/1/2025 19:35,54.5,45.41712397,7.941173864,58.38398612
1/1/2025 19:36,53.97,45.58365388,8.210248208,58.35275933
1/1/2025 19:37,54.19,45.45943062,8.398652436,58.57975379
1/1/2025 19:38,53.49,45.545178,7.849948373,58.32306615
1/1/2025 19:39,54.48,45.5064437,7.704162117,58.23872707
1/1/2025 19:40,59.88,45.53240434,8.054512092,58.46801071
1/1/2025 19:41,54.04,45.42388652,8.415477291,58.08558421
1/1/2025 19:42,54.8,45.40730176,7.571673343,58.2288024
1/1/2025 19:43,55.79,45.43103358,7.57177759,58.06451658
1/1/2025 19:44,53.43,45.55954157,7.78695134,58.22886139
1/1/2025 19:45,49.44,45.59677883,7.638605455,58.03481395
1/1/2025 19:46,53.86,45.55294921,7.627885297,58.4324319
1/1/2025 19:47,54.33,45.49866042,8.40940266,58.44239829
1/1/2025 19:48,53.87,45.53176174,8.460542819,58.44378274
1/1/2025 19:49,54.94,45.52680477,8.304028496,58.27364874
1/1/2025 19:50,54.32,45.57853468,7.771607321,58.02962857
1/1/2025 19:51,54.51,45.56723672,7.392527716,58.61214898
1/1/2025 19:52,54.22,45.59848356,7.953228453,58.59115976
1/1/2025 19:53,54.28,45.4447606,7.607960517,58.52200165
1/1/2025 19:54,54.21,45.46388846,7.969394742,58.43544542
1/1/2025 19:55,54.81,45.49725385,7.564944208,58.17882383
1/1/2025 19:56,54.42,45.52248728,7.454624472,58.53648549
1/1/2025 19:57,53.86,45.4944873,8.49298109,58.27130117
1/1/2025 19:58,59.81,45.4657774,7.945661442,58.40564786
1/1/2025 19:59,55.49,45.58212544,8.452464843,58.13803245
1/1/2025 20:00,54.35,45.50490312,8.49798267,58.01760967
1/1/2025 20:01,54.82,45.45923666,7.612454074,58.28433979
1/1/2025 20:02,54.18,45.48645129,7.803814287,58.25975649
1/1/2025 20:03,59.79,45.57746111,8.167726507,58.15750506
1/1/2025 20:04,54.63,45.51272834,7.764453957,58.07666663
1/1/2025 20:05,55.07,45.47683303,8.400036199,58.42851954
1/1/2025 20:06,54.69,45.57396598,7.790904068,58.47736424
1/1/2025 20:07,54.42,45.53708223,7.908568924,58.07463308
1/1/2025 20:08,55.32,45.53167142,7.814298557,58.30801423
1/1/2025 20:09,53.71,45.59704724,8.468768817,58.29186922
1/1/2025 20:10,53.55,45.51595744,7.456289476,58.03827407
1/1/2025 20:11,53.76,45.51952791,7.442628181,58.47224232
1/1/2025 20:12,54.92,45.42722402,8.218809014,58.00254595
1/1/2025 20:13,54.12,45.51897972,8.203749961,58.42821167
1/1/2025 20:14,54.05,45.40709446,7.801360804,58.5376866
1/1/2025 20:15,56.06,45.59014983,8.414637795,58.23623068
1/1/2025 20:16,54.48,45.49759915,7.589691959,58.09290439
1/1/2025 20:17,55.09,45.42569593,8.091332044,58.28618576
1/1/2025 20:18,49.17,45.52316226,7.529810866,58.19694163
1/1/2025 20:19,54.73,45.44171095,7.841486853,58.20657619
1/1/2025 20:20,55.12,45.56200221,7.644479248,58.23657499
1/1/2025 20:21,53.87,45.59609551,7.98043841,58.60140043
1/1/2025 20:22,54.68,45.58128828,7.689248915,58.07737393
1/1/2025 20:23,54.95,45.51760747,7.549129848,58.35869492
1/1/2025 20:24,54.39,45.52989908,8.074974915,58.49611532
1/1/2025 20:25,54.83,45.55083272,7.530927937,58.34139308
1/1/2025 20:26,54.29,45.53716743,8.118346482,58.05559143
1/1/2025 20:27,53.68,45.57647971,8.036770907,58.38233347
1/1/2025 20:28,54.6,45.43445504,8.354202645,58.01844675
1/1/2025 20:29,54.58,45.4737384,8.243143521,58.35949175
1/1/2025 20:30,53.86,45.53447842,8.299710545,58.35014136
1/1/2025 20:31,53.62,45.50534305,7.617114661,58.44477182
1/1/2025 20:32,54.18,45.55919341,8.384783989,58.07405216
1/1/2025 20:33,54.54,45.53963134,8.047208151,58.27805518
1/1/2025 20:34,54.75,45.57082337,7.71814139,58.20160484
1/1/2025 20:35,55.02,45.57498226,8.360173076,58.40558572
1/1/2025 20:36,54.64,45.48687201,7.475745683,58.24388666
1/1/2025 20:37,54.47,45.52513886,7.459133467,58.31376715
1/1/2025 20:38,53.16,45.49545849,7.960970968,58.14212947
1/1/2025 20:39,55.06,45.5911238,7.643990404,58.45614099
1/1/2025 20:40,53.94,45.55253992,8.093808194,58.37796065
1/1/2025 20:41,54.94,45.52948547,8.023028158,58.46870989
1/1/2025 20:42,54.45,45.53031161,7.413997544,58.1585971
1/1/2025 20:43,53.7,45.47672863,7.567441928,58.40670839
1/1/2025 20:44,55.06,45.47446795,8.287195779,58.52196104
1/1/2025 20:45,54.81,45.57825144,8.113066371,58.11161776
1/1/2025 20:46,53.9,45.46324807,7.771206375,58.54774287
1/1/2025 20:47,54.42,45.51259362,7.54691855,58.05863918
1/1/2025 20:48,53.86,45.52420428,7.811328186,58.30958862
1/1/2025 20:49,54.34,45.43647103,7.328045313,58.59327291
1/1/2025 20:50,54.77,45.45757859,7.823391974,58.3238524
1/1/2025 20:51,58.19,45.40938563,7.978240701,58.46223029
1/1/2025 20:52,53.11,45.55578253,7.876036761,58.26222754
1/1/2025 20:53,54.52,45.49426758,7.709497873,58.41874356
1/1/2025 20:54,54.01,45.5466405,7.929942163,58.0752664
1/1/2025 20:55,54.78,45.41313434,7.57172558,58.10669816
1/1/2025 20:56,54.38,45.58836829,7.355216602,58.50962883
1/1/2025 20:57,54.79,45.4137989,8.492971517,58.04103981
1/1/2025 20:58,54.18,45.41774302,7.752802312,58.54934388
1/1/2025 20:59,54.25,45.56431285,8.409749294,58.4891121
1/1/2025 21:00,54.05,45.5465909,8.356572442,58.06286028
1/1/2025 21:01,54.12,45.51810662,7.615929281,58.51567884
1/1/2025 21:02,54.08,45.54814168,8.35850308,58.23875972
1/1/2025 21:03,54.93,45.56659484,8.028771524,58.1346462
1/1/2025 21:04,54.13,45.54050764,8.009605754,58.4418624
1/1/2025 21:05,54.89,45.55775859,7.696989227,58.44677133
1/1/2025 21:06,54.38,45.52508879,7.98199536,58.1973059
1/1/2025 21:07,54.66,45.50587186,7.968002042,58.424309
1/1/2025 21:08,54.19,45.48281046,8.429081881,58.57010623
1/1/2025 21:09,54.43,45.50849416,7.415164644,58.56682344
1/1/2025 21:10,55.12,45.49735684,7.866893424,58.41436159
1/1/2025 21:11,54.7,45.49485098,7.450851697,58.32665749
1/1/2025 21:12,54.1,45.41662872,8.451357134,58.16164931
1/1/2025 21:13,55.63,45.4387051,7.588471034,58.41513448
1/1/2025 21:14,55.3,45.55891159,7.995137666,58.25837473
1/1/2025 21:15,53.93,45.43388868,7.910693275,58.48574709
1/1/2025 21:16,54.55,45.46273552,8.285464136,58.1747604
1/1/2025 21:17,54.73,45.45500896,7.890808692,58.55759322
1/1/2025 21:18,55.17,45.56289934,7.817916213,58.44410163
1/1/2025 21:19,55.34,45.59572375,7.36832272,58.32980541
1/1/2025 21:20,54.35,45.45635235,7.717278565,58.43589396
1/1/2025 21:21,54.62,45.59916962,7.771440582,58.13217071
1/1/2025 21:22,54.52,45.52130542,7.633990613,58.31853004
1/1/2025 21:23,54.69,45.55189514,8.23262927,58.10092925
1/1/2025 21:24,54.31,45.46523001,8.222214007,58.46177504
1/1/2025 21:25,54.34,45.465872,7.421967085,58.43011898
1/1/2025 21:26,54.06,45.52603454,8.476342653,58.33405155
1/1/2025 21:27,54.61,45.42388084,8.345846137,58.18984597
1/1/2025 21:28,54.11,45.56911105,7.656028163,58.04370886
1/1/2025 21:29,53.96,45.48665758,7.942277059,58.18541484
1/1/2025 21:30,54.56,45.42248153,8.025478493,58.26855607
1/1/2025 21:31,54.55,45.57151189,7.65440891,58.04325092
1/1/2025 21:32,54.88,45.49637641,8.472441486,58.29894317
1/1/2025 21:33,53.86,45.50362771,8.421901048,58.01657047
1/1/2025 21:34,54.91,45.56023432,8.247755208,58.3205796
1/1/2025 21:35,54.34,45.56759522,8.225425655,58.02258187
1/1/2025 21:36,54.95,45.56722615,7.458031964,58.02904206
1/1/2025 21:37,55.3,45.49241208,7.7120702,58.33878484
1/1/2025 21:38,54.69,45.58981348,7.956533459,58.10910087
1/1/2025 21:39,54.09,45.47011686,8.280787273,58.2566496
1/1/2025 21:40,54.81,45.41337392,7.368455839,58.58340043
1/1/2025 21:41,54.63,45.54425832,8.289870459,58.15462114
1/1/2025 21:42,54.15,45.59961592,8.224607038,58.39681568
1/1/2025 21:43,53.96,45.56711436,7.986424299,58.38503465
1/1/2025 21:44,54.22,45.49299743,8.069106059,58.28835841
1/1/2025 21:45,55.45,45.45490234,8.118850444,58.04208022
1/1/2025 21:46,54.91,45.50474258,7.98866012,58.24961444
1/1/2025 21:47,54.75,45.5765661,8.310529835,58.44221221
1/1/2025 21:48,54.87,45.57785565,7.670259367,58.53922705
1/1/2025 21:49,54.67,45.40555063,8.499830497,58.5311327
1/1/2025 21:50,55.59,45.40790555,7.604548847,58.29880947
1/1/2025 21:51,54.08,45.44453655,8.104430338,58.19217012
1/1/2025 21:52,54.6,45.54995413,7.999884205,58.3265225
1/1/2025 21:53,54.56,45.59838535,7.663789631,58.29033633
1/1/2025 21:54,54.49,45.41977999,7.513606001,58.32498851
1/1/2025 21:55,53.97,45.48891248,7.86792628,58.0091657
1/1/2025 21:56,54.31,45.50432735,8.429755687,58.26466244
1/1/2025 21:57,55.08,45.54064784,7.583682965,58.4903111
1/1/2025 21:58,54.2,45.59208439,8.103054551,58.15771738
1/1/2025 21:59,54.7,45.53231443,7.65247314,58.06285302
1/1/2025 22:00,59.88,45.43564762,7.939723562,58.01081669
1/1/2025 22:01,55.58,45.4923189,8.02777867,58.02426283
1/1/2025 22:02,54.86,45.4002783,7.571559252,58.30169842
1/1/2025 22:03,54.28,45.59903765,7.836440472,58.57186776
1/1/2025 22:04,55.45,45.43796215,7.718936021,58.23061222
1/1/2025 22:05,54.04,45.49248594,8.080585854,58.22914799
1/1/2025 22:06,54.74,45.43477501,8.33255742,58.0629581
1/1/2025 22:07,54.85,45.46631236,8.070252947,58.2561064
1/1/2025 22:08,53.68,45.51388744,7.701481256,58.3900887
1/1/2025 22:09,54.48,45.5181376,8.107230403,58.44124012
1/1/2025 22:10,55.08,45.59072542,8.495798442,58.08755027
1/1/2025 22:11,55.32,45.4392116,7.401872434,58.48126737
1/1/2025 22:12,55.19,45.5662066,8.398875962,58.02835607
1/1/2025 22:13,55.49,45.55188243,8.453818769,58.59333098
1/1/2025 22:14,54.86,45.45743054,8.179774723,58.27551937
1/1/2025 22:15,55.25,45.57513874,8.182054592,58.09630059
1/1/2025 22:16,54.94,45.46127433,7.977698654,58.49659228
1/1/2025 22:17,55.44,45.57648147,8.450368772,58.00312745
1/1/2025 22:18,59.21,45.48315406,7.738365682,58.47272333
1/1/2025 22:19,54.78,45.49371734,8.113421515,58.45089136
1/1/2025 22:20,52.84,45.49174268,7.899854515,58.05254047
1/1/2025 22:21,54.18,45.42127153,8.377601833,58.11960008
1/1/2025 22:22,54.7,45.59893222,7.44517099,58.02298881
1/1/2025 22:23,54.26,45.48129081,7.682557589,58.07428416
1/1/2025 22:24,55.44,45.51249534,8.325710572,58.3650578
1/1/2025 22:25,54.85,45.51926809,7.52858311,58.30257157
1/1/2025 22:26,54.34,45.43712518,8.064516881,58.36967902
1/1/2025 22:27,54.32,45.41429996,8.011771206,58.42716732
1/1/2025 22:28,53.58,45.47801832,7.942842067,58.10998803
1/1/2025 22:29,54.86,45.58376,7.611312034,58.25095104
1/1/2025 22:30,54.75,45.42210989,7.47949108,58.22079807
1/1/2025 22:31,49.84,45.53582078,7.692741531,58.21553373
1/1/2025 22:32,54.52,45.59379017,8.391577822,58.27821413
1/1/2025 22:33,54.03,45.45839371,8.12911343,58.15190301
1/1/2025 22:34,54.45,45.53076729,8.025719312,58.21621524
1/1/2025 22:35,54.07,45.52315166,8.183499431,58.60736522
1/1/2025 22:36,54.51,45.48132313,8.463521987,58.03461985
1/1/2025 22:37,54.09,45.41298898,7.979631909,58.17400637
1/1/2025 22:38,54.22,45.44343525,7.749728636,58.57639328
1/1/2025 22:39,54.73,45.40638231,7.550190514,58.47327952
1/1/2025 22:40,54.03,45.56415338,7.453127454,58.26088713
1/1/2025 22:41,54.52,45.57351878,8.108537589,58.00529291
1/1/2025 22:42,54.67,45.42500533,7.977008954,58.11655362
1/1/2025 22:43,55.46,45.504257,8.341982965,58.26475219
1/1/2025 22:44,54.72,45.5225516,7.991646079,58.22560856
1/1/2025 22:45,54.21,45.56583431,8.111960987,58.52996638
1/1/2025 22:46,54.68,45.50819144,8.166504828,58.50049007
1/1/2025 22:47,54.83,45.57372018,7.753413506,58.55246347
1/1/2025 22:48,54.64,45.44005929,7.512376462,58.5408863
1/1/2025 22:49,54.9,45.40562064,7.610443251,58.38436486
1/1/2025 22:50,53.85,45.43754206,7.686877722,58.40022827
1/1/2025 22:51,54.69,45.5695194,7.740843406,58.35598846
1/1/2025 22:52,53.65,45.45845418,8.415420803,58.42619764
1/1/2025 22:53,53.79,45.41855383,8.19412398,58.2144609
1/1/2025 22:54,54.83,45.53283261,7.991497214,58.61883534
1/1/2025 22:55,54.79,45.56318009,8.055073002,58.5374006
1/1/2025 22:56,53.79,45.47457792,7.781529361,58.38810179
1/1/2025 22:57,53.73,45.51899412,8.199317073,58.28840072
1/1/2025 22:58,53.93,45.58654879,7.8377007,58.4716917
1/1/2025 22:59,49.83,45.42394127,7.824472206,58.6033122
1/1/2025 23:00,54.35,45.57867323,7.32860216,58.00971041
1/1/2025 23:01,55.04,45.55309161,8.431144851,58.30469984
1/1/2025 23:02,54.11,45.50709137,8.181348902,58.1211528
1/1/2025 23:03,54.3,45.53887448,8.353681017,58.42493848
1/1/2025 23:04,54.16,45.58123123,7.971776064,58.18446156
1/1/2025 23:05,54.15,45.56838835,7.437707704,58.50579605
1/1/2025 23:06,54.22,45.47463582,8.420444997,58.16976032
1/1/2025 23:07,55.92,45.57631458,7.31734993,58.33764532
1/1/2025 23:08,53.43,45.51310385,7.656308032,58.15445451
1/1/2025 23:09,54.01,45.43469971,7.374130679,58.40907752
1/1/2025 23:10,54.21,45.59238897,8.258739496,58.5831879
1/1/2025 23:11,54.86,45.55581828,8.418288232,58.43161171
1/1/2025 23:12,54.04,45.44618702,8.13748722,58.53705192
1/1/2025 23:13,53.59,45.41792893,7.747163412,58.60469068
1/1/2025 23:14,54.53,45.50094638,7.711839166,58.22467689
1/1/2025 23:15,54.59,45.55092817,8.232020941,58.3253341
1/1/2025 23:16,54,45.54220546,7.452571875,58.16236177
1/1/2025 23:17,54.11,45.47986146,8.11652517,58.26958884
1/1/2025 23:18,55.31,45.47605245,7.764375912,58.26836294
1/1/2025 23:19,53.85,45.46468201,8.088638993,58.50159131
1/1/2025 23:20,54.96,45.55963648,8.331648645,58.3062599
1/1/2025 23:21,53.41,45.48125386,8.196295932,58.09743681
1/1/2025 23:22,53.92,45.47848864,8.122041826,58.57677788
1/1/2025 23:23,54.47,45.51691127,7.404177802,58.32922006
1/1/2025 23:24,54.76,45.46694771,7.988865072,58.09723676
1/1/2025 23:25,54.59,45.55214757,7.926119416,58.221448
1/1/2025 23:26,54.39,45.53829565,7.865313221,58.44745934
1/1/2025 23:27,54.17,45.56367647,7.471275088,58.09075731
1/1/2025 23:28,54.35,45.43701893,8.338888237,58.29228579
1/1/2025 23:29,54.44,45.49651208,7.752934177,58.60504515
1/1/2025 23:30,54.85,45.40563756,8.111174195,58.55651469
1/1/2025 23:31,54.26,45.41742611,7.816495628,58.43753137
1/1/2025 23:32,54.43,45.47604937,8.381261247,58.43203701
1/1/2025 23:33,53.92,45.44597749,8.153730141,58.57633329
1/1/2025 23:34,54.85,45.40472786,7.887100143,58.38569054
1/1/2025 23:35,55.88,45.56194845,8.477038551,58.57283838
1/1/2025 23:36,54.36,45.45390878,7.574875957,58.43886872
1/1/2025 23:37,54.08,45.4966488,8.325094367,58.5684327
1/1/2025 23:38,55.28,45.54914928,8.130071632,58.52871412
1/1/2025 23:39,53.61,45.48169414,8.209721002,58.37215261
1/1/2025 23:40,54.71,45.44050182,7.664597578,58.11625636
1/1/2025 23:41,54.29,45.43064491,7.332075963,58.36561463
1/1/2025 23:42,53.62,45.52188343,7.734993436,58.35088334
1/1/2025 23:43,53.21,45.50545666,7.538805084,58.09113681
1/1/2025 23:44,54.29,45.55323105,7.803706075,58.25041984
1/1/2025 23:45,55.33,45.57767215,8.347615284,58.57939546
1/1/2025 23:46,54.84,45.55962807,7.696984598,58.24356403
1/1/2025 23:47,54.14,45.50132081,8.330729931,58.06975085
1/1/2025 23:48,54,45.56492912,7.988406944,58.44941823
1/1/2025 23:49,54.14,45.42977471,7.499585974,58.38203558
1/1/2025 23:50,55.22,45.5834184,7.707036844,58.58064953
1/1/2025 23:51,53.57,45.55163162,8.154675156,58.2852719
1/1/2025 23:52,54.48,45.40771684,7.795285831,58.56656774
1/1/2025 23:53,54.14,45.44970142,7.933639838,58.36839525
1/1/2025 23:54,55.03,45.53046455,8.396086532,58.27462642
1/1/2025 23:55,54.7,45.41352966,8.302184543,58.45142324
1/1/2025 23:56,54.94,45.49836468,8.349976955,58.19854745
1/1/2025 23:57,55.29,45.56962377,8.243507822,58.1245532
1/1/2025 23:58,54.67,45.42315395,7.575222834,58.12758441
1/1/2025 23:59,53.85,45.41569352,8.269108779,58.42502978
